ABCG8-1,ABCG8,TTCCCGGCCATGGGGCCCAC
ABCG8-2,ABCG8,CTCTGCCGCCTTCCCGGCCA
ABCG8-3,ABCG8,TCTAAGAGAGCTGCAGCCCA
ABCG8-4,ABCG8,GGCCCTGGCAGGCAGCAGCT
ABCG8-5,ABCG8,AGACCTGTGGGCCCCATGGC
ABCG8-6,ABCG8,GTCTAAGAGAGCTGCAGCCC
ABCG8-7,ABCG8,GACCCAGCTGCTGCCTGCCA
ABCG8-8,ABCG8,AGCCCAGGGTCACAGACCTG
ABCG8-9,ABCG8,GCCCAGGGTCACAGACCTGT
ABCG8-10,ABCG8,CTGCCGCCTTCCCGGCCATG
ADH7-1,ADH7,GAAGGATATAAAAACGGGTT
ADH7-2,ADH7,TTGCAACAGTAGGTCAAGTT
ADH7-3,ADH7,TCCTTCAAAATAAGGTGGAT
ADH7-4,ADH7,CTATGATCAAACCAAGAGGA
ADH7-5,ADH7,TGTAAAATAATTGCAACAGT
ADH7-6,ADH7,TATAAATGAAAACAGAGCCA
ADH7-7,ADH7,TGCAACAGTAGGTCAAGTTT
ADH7-8,ADH7,ACTACTATGATCAAACCAAG
ADH7-9,ADH7,CATTCTGCAAAGACTTGATG
ADH7-10,ADH7,ACTATGATCAAACCAAGAGG
ADH7-11,ADH7,ATAATCAAAGCTATTGAAAA
ADH7-12,ADH7,CAAAGACTTGATGTGGTTTC
ADH7-13,ADH7,CAACAGTAGGTCAAGTTT
ADH7-14,ADH7,CAAGCTGCTTTGCCTAGGCA
ADH7-15,ADH7,CATCTCTAAAATCAGCCATGCCT
ADH7-16,ADH7,CATTCCTATCCACCTTATTTTGA
ADH7-17,ADH7,TAACTACTATGATCAAACCAAG
ADH7-18,ADH7,TTGCAATTATTTTACATTTCCT
ADH7-19,ADH7,TTTTTATATCCTTCAAAATAAGG
ADH7-20,ADH7,TTTTTGTTAGATCCCTCCTCT
CABP5-1,CABP5,GAGTGCTGGAGAAGATAAGG
CABP5-2,CABP5,TCCGACAGGGAGCAGGGAGG
CABP5-3,CABP5,AAGGAGTGCTGGAGAAGATA
CABP5-4,CABP5,AGCTCCGACAGGGAGCAGGG
CABP5-5,CABP5,GAGGCAGGAAGAGGTGGCAA
CABP5-6,CABP5,CCGACAGGGAGCAGGGAGGA
CABP5-7,CABP5,AAGGAGGCTGAGCTCCGACA
CABP5-8,CABP5,GCTGAGCTCCGACAGGGAGC
CABP5-9,CABP5,TAAGGAGGCTGAGCTCCGAC
CABP5-10,CABP5,AAGAGGTGGCAAAGGAGTGC
COPA-1,COPA,GCTGAGCGGAAGCCCCCGTT
COPA-2,COPA,AACAGACAGGAGCCGAACGG
COPA-3,COPA,ACACGAACTTCCGGTCTCTT
COPA-4,COPA,CTTCCGGTCTCTTAGGCTCC
COPA-5,COPA,GTTCGGCTCCTGTCTGTTAG
COPA-6,COPA,CTAACAGACAGGAGCCGAAC
COPA-7,COPA,GTGTCAGTGGTAGCCTAGAG
COPA-8,COPA,TAGGCTCCGGGCCACAGAGA
COPA-9,COPA,GGCCACAGAGACGGTGTCAG
COPA-10,COPA,GCTAACAGACAGGAGCCGAA
COPA-11,COPA,ACCAAGAGCGCGCGGGTCAA
COPA-12,COPA,AGAATAAAAGGGGGAACATGG
COPA-13,COPA,AGCGCGCGGGTCAAAGGTAG
COPA-14,COPA,CAGCAGGGTGTGTCGGGGCT
COPA-15,COPA,CGCTCTTGGTCTCGAATT
COPA-16,COPA,CTCGGATTAAGACATCGGAGT
COPA-17,COPA,GGGCTCGGATTAAGACAT
COPA-18,COPA,TCAAAGGTAGTGGAGAATAAA
COPA-19,COPA,TCCGAAGGGCAGCAGGGTGTGT
COPA-20,COPA,TGGAGAATAAAAGGGGGAACA
COPA-21,COPA,TGGAGGCGTCCGAAGGGCAGC
COPB1-1,COPB1,GTCCTTGGCTGACGTGGAAG
COPB1-2,COPB1,CCGGCTATGAACCGCAGCAG
COPB1-3,COPB1,GGCCCACTACCAGGCTCCGA
COPB1-4,COPB1,GAGTCCTTGGCTGACGTGGA
COPB1-5,COPB1,GGCTCCGAGGGGCAGTGGTT
COPB1-6,COPB1,TCCACGTCAGCCAAGGACTC
COPB1-7,COPB1,GCTATGAACCGCAGCAGCGG
COPB1-8,COPB1,AGCCGCGGATCCGTCTACTG
COPB1-9,COPB1,ATGAACCGCAGCAGCGGCGG
COPB1-10,COPB1,AGCCGCAGTAGACGGATCCG
COPB1-11,COPB1,TTGGCTGACGTGGAAGGGGG
COPB1-12,COPB1,GTAGACGGAGCCGCAGTAGA
COPB1-13,COPB1,CCGCTGCTGCGGTTCATAGC
COPB1-14,COPB1,TACTGCGGCTCCGTCTACTC
COPB1-15,COPB1,TGGCTGACGTGGAAGGGGGT
COPB1-16,COPB1,CGGTTCATAGCCGGAGTAGA
COPB1-17,COPB1,TGGCCCACTACCAGGCTCCG
COPB1-18,COPB1,aagggaccgggtgggggtac
COPB1-19,COPB1,actaggccgcttgcgtct
COPB1-20,COPB1,AGTCCTTGGCTGACGTGGAA
COPB1-21,COPB1,CAGTGGTTTGGTGCAGCCG
COPB1-22,COPB1,CCCACTACCAGGCTCCGAG
COPB1-23,COPB1,CCCCTCGGAGCCTGGTAGT
COPB1-24,COPB1,CCGCAGTAGACGGATCCG
COPB1-25,COPB1,CCGCGGATCCGTCTACTG
COPB1-26,COPB1,cgactaggccgcttgcgtc
COPB1-27,COPB1,CGTGGTGGGTCGGGCAGAGT
COPB1-28,COPB1,TAGACGGAGCCGCAGTAGA
COPS2-1,COPS2,TCTGAGCCGCGGAGGATTGT
COPS2-2,COPS2,GGCCAAGATGTCTGACATGG
COPS2-3,COPS2,TCAGACATCTTGGCCGGGAG
COPS2-4,COPS2,GAGCCGCGGAGGATTGTGGG
COPS2-5,COPS2,GTGACGCCTCTGAGCCGCGG
COPS2-6,COPS2,TGTCAGACATCTTGGCCGGG
COPS2-7,COPS2,GTCAGACATCTTGGCCGGGA
COPS2-8,COPS2,ACATCTTGGCCGGGAGGGGG
COPS2-9,COPS2,CCATGTCAGACATCTTGGCC
COPS2-10,COPS2,CAGACATCTTGGCCGGGAGG
COPS2-11,COPS2,ACTACGACCTGGTGAGGCGC
COPS2-12,COPS2,AGAGTGACGCCTCTGAGCCG
COPS2-13,COPS2,AGGAGGACTACGACCTGGTG
COPS2-14,COPS2,CACTGAGAGAGGCTGTAAA
COPS2-15,COPS2,CAGGAAACAGCTCCTCTAAG
COPS2-16,COPS2,CCCGGGCCCGGTGCGGGAAC
COPS2-17,COPS2,CGCAGGGAATGGAACTCTGA
COPS2-18,COPS2,CTCTACGGGGAGAggccgc
COPS2-19,COPS2,TAAACGGCACATGCTCTACG
COPS2-20,COPS2,TGACGCCTCTGAGCCGCGG
COPS2-21,COPS2,TGGTGATGTGTCTTGTTTTC
COPS4-1,COPS4,CTTAGGTTGGCCACGGCTCT
COPS4-2,COPS4,AGCGTCGGGTGTGGGAGCCT
COPS4-3,COPS4,AGCCAAAAAGAAAACGAGTG
COPS4-4,COPS4,TGAGTATTTCCCAGGAACGC
COPS4-5,COPS4,GTAGCATCTCAGGTTCCCTC
COPS4-6,COPS4,GGTTCCCTCTGGCTGCACTC
COPS4-7,COPS4,GTCCTCCAGAGTGCAGCCAG
COPS4-8,COPS4,ACGCTACTCTGTAGCATCTC
COPS4-9,COPS4,GCGGTGGATGCGGGGGCCTC
COPS4-10,COPS4,TCCCTCTGGCTGCACTCTGG
COPS4-11,COPS4,AGCGGCTCTCATAAAGATC
COPS4-12,COPS4,AGTATTTCCCAGGAACGC
COPS4-13,COPS4,CATCACTCAACCCTGGGGG
COPS4-14,COPS4,CCGCTCGAATTCATGAGC
COPS4-15,COPS4,CCGCTCGAATTCATGAGCT
COPS4-16,COPS4,CTACAGAGTAGCGTCTGTGT
COPS4-17,COPS4,CTCCGCATCACTCAACCCTG
COPS4-18,COPS4,CTCTCATAAAGATCTGGC
COPS4-19,COPS4,CTGGGCCAAATCCTGTCGCA
COPS4-20,COPS4,GAACGCGGGAGTACAGAGGT
COPS4-21,COPS4,GCAGCCGTGCGACAGGATT
COPS4-22,COPS4,GCCAACCTAAGGAGATTA
COPS4-23,COPS4,GCTCTCATAAAGATCTGGC
COPS4-24,COPS4,TGAGTATTTCCCAGGAACG
COPS4-25,COPS4,TGGCCAACCTAAGGAGATTA
COPS6-1,COPS6,AGGTGGATGCAGCAGGTAAC
COPS6-2,COPS6,CGGAGGAAGCAGCGGGATGG
COPS6-3,COPS6,CGGCGGCTGCAGCTACGAAC
COPS6-4,COPS6,CTCCATCCCGCTGCTTCCTC
COPS6-5,COPS6,GAGGTGGATGCAGCAGGTAA
COPS6-6,COPS6,GGGATGGAGGTGGATGCAGC
COPS6-7,COPS6,CTCCGGAAGCCACCCCCGCA
COPS6-8,COPS6,AACGGGACCGGAGGAAGCAG
COPS6-9,COPS6,GCTGCAGCTACGAACGGGAC
COPS6-10,COPS6,AGGAAGCAGCGGGATGGAGG
COPS6-11,COPS6,AACCCCTGAAGGAGGTCTC
COPS6-12,COPS6,AGGCCTCAACGAACCCCTGA
COPS6-13,COPS6,CAGTGGGGGACGGCGGAGCC
COPS6-14,COPS6,CCATCTCCAGGGAAGAACGT
COPS6-15,COPS6,GCTGGCGGGCGCGGGGAAAA
COPS6-16,COPS6,GGACCGGAGGAAGCAGCGGGA
COPS6-17,COPS6,GGCCGTGCGGGGGTGGCTTC
COPS6-18,COPS6,GTAACGGGCCGTGCGGGGG
COPS8-1,COPS8,GCTGGAGAAGCGTGGCTCCG
COPS8-2,COPS8,AATAGCCTGGAAGGAGGCAG
COPS8-3,COPS8,GAGAAGCGTGGCTCCGGGGT
COPS8-4,COPS8,GGGGCGTGCAGGGCTAGCCC
COPS8-5,COPS8,CTGGGGTTTGGCTGTCCGGA
COPS8-6,COPS8,GAATAGCCTGGAAGGAGGCA
COPS8-7,COPS8,CACCAGTTTCCAGGGTAACG
COPS8-8,COPS8,GGAGAAGCGTGGCTCCGGGG
COPS8-9,COPS8,AAGGAGGCAGGGGTCCCGGC
COPS8-10,COPS8,CTGGGGCGGCACCAGTTTCC
COPS8-11,COPS8,GGCTGGAGAAGCGTGGCTCC
COPS8-12,COPS8,AAAGGGTTACCTCGAGCTCC
COPS8-13,COPS8,AGAAACTGCGGAGTAGTCTT
COPS8-14,COPS8,CGTCGCGCTGGGAGAAACTG
COPS8-15,COPS8,CGGAGCAGGTTGCGGCGGTC
COPS8-16,COPS8,GGGTCCCGGCTGGAGAAGCG
COPS8-17,COPS8,AGAATAGCCTGGAAGGAGGC
COPS8-18,COPS8,AGTAGTCTTAGGCCCTGGGG
COPS8-19,COPS8,GCCGGCCGCGAAGATGCCAG
COPS8-20,COPS8,TGGGGCGGCACCAGTTTCCA
COPS8-21,COPS8,AACGTTTCGTGAGCACCTA
COPS8-22,COPS8,ACCCCGTTACCCTGGAAAC
COPS8-23,COPS8,AGAAGCGTGGCTCCGGGGTG
COPS8-24,COPS8,CAACCTGCTCCGACCGGGCC
COPS8-25,COPS8,CACCTACGGTATGCAGGGTA
COPS8-26,COPS8,CCCGGTCTCCCCGAACTCGC
COPS8-27,COPS8,ctgcggttccgagaatagcc
COPS8-28,COPS8,GACGGTGCAGCGGCGAGGC
COPS8-29,COPS8,GCTTTGGGAGCTCACGGGGC
COPS8-30,COPS8,GGAGCTCACGGGGCGGGCGT
COPS8-31,COPS8,ggtCCCGGCTGGAGAAGCG
COPS8-32,COPS8,GTAACCCTTTGCGTCGCGCT
COPS8-33,COPS8,TAACGGGGTCTGAGGCTAGC
COPS8-34,COPS8,TCCCGGTCGTCAGTGACGCT
COPS8-35,COPS8,TCTCCGCAAACCTGCTTGT
COPS8-36,COPS8,TGCAGGGCTAGCCCGGGCGG
COPS8-37,COPS8,TTCGTGAGTTCCCTGCTCTG
COPS8-38,COPS8,TTTCTCCCAGCGCGACGCAA
COPZ1-1,COPZ1,GAGATGCTGTGGTGTCCACA
COPZ1-2,COPZ1,GTCCACAGGGGCCGGGAGTC
COPZ1-3,COPZ1,TCCACGTCGGCACCAGCTGC
COPZ1-4,COPZ1,CCAGCTGCGGGGCAAGATGG
COPZ1-5,COPZ1,TCTTTCCCCGTCTCCCACTC
COPZ1-6,COPZ1,AGATGCTGTGGTGTCCACAG
COPZ1-7,COPZ1,CTCCACGTCGGCACCAGCTG
COPZ1-8,COPZ1,ACCCTGACTCCCGGCCCCTG
COPZ1-9,COPZ1,CAAGATGGAGGCGCTGATTT
COPZ1-10,COPZ1,CTCTTTCCCCGTCTCCCACT
COPZ1-11,COPZ1,AGAGATGCTGTGGTGTCCAC
COPZ1-12,COPZ1,TCGGGCTGAACCCTGACTCC
COPZ1-13,COPZ1,CCACGTCGGCACCAGCTGCG
COPZ1-14,COPZ1,TCCACAGGGGCCGGGAGTCA
COPZ1-15,COPZ1,AGAGTTCCGGGTAATTCTTG
COPZ1-16,COPZ1,AGTCAGGGTTCAGCCCGAGT
COPZ1-17,COPZ1,ATGGAGGCGCTGATTTTGGT
COPZ1-18,COPZ1,ATTGGCCATACGTTCCCATT
COPZ1-19,COPZ1,CCGGGGAGAGGGCATAGAGT
COPZ1-20,COPZ1,CCTCCATCTTGCCCCGCAGC
COPZ1-21,COPZ1,CGGGGCCTAATGGGAACGTA
COPZ1-22,COPZ1,CTCAGTCCCCAAGAATTACC
COPZ1-23,COPZ1,CTGATTTTGGTAGGAGCTGG
COPZ1-24,COPZ1,GGCTTCCTACTCTAAACCA
COPZ1-25,COPZ1,TAGGAAGCCCTGCCGGGGAG
COPZ1-26,COPZ1,TCAGGGTTCAGCCCGAGT
COPZ1-27,COPZ1,TTTCTTTTGCGGCTCCACGT
CRYGB-1,CRYGB,GAAAGGTAAGTCCTGGGTAC
CRYGB-2,CRYGB,CTGCTCACTTCCTTCAAAAT
CRYGB-3,CRYGB,AGGCTGAGCATCCGGTACCC
CRYGB-4,CRYGB,CACTTCCTTCAAAATGGGAA
CRYGB-5,CRYGB,CCACTGAGGCCACTGCATTA
CRYGB-6,CRYGB,AGGCCACTGCATTAGGGCCA
CRYGB-7,CRYGB,AAAATGGGAAAGGTAAGTCC
CRYGB-8,CRYGB,TAGGGCCAAGGCTGAGCATC
CRYGB-9,CRYGB,TCTGCTCACTTCCTTCAAAA
CRYGB-10,CRYGB,CCCACTGAGGCCACTGCATT
CRYGB-11,CRYGB,ATGTGGGAGCATGGAGTGAT
CRYGB-12,CRYGB,ATGTTTTCTGGTTGCTGTGT
CRYGB-13,CRYGB,ATTTCCTGTGGAGGCAGCAGTC
CRYGB-14,CRYGB,CAGCCCTGACTGCTGCCTCCAC
CRYGB-15,CRYGB,CAGCGGCTGAAATAGGGTTGT
CRYGB-16,CRYGB,CCCTAATGCAGTGGCCTCAGT
CRYGB-17,CRYGB,CTGAAATAGGGTTGTAGGTT
CRYGB-18,CRYGB,GACTTACCTTTCCCATTTTGA
CYP7A1-1,CYP7A1,TGTTGTCTATGGCTTATTCT
CYP7A1-2,CYP7A1,CAAGCTCAAGTTAATGGATC
CYP7A1-3,CYP7A1,TTTCTAATAGAATGAACAAA
CYP7A1-4,CYP7A1,ATGACCACATCTTTGATTTG
CYP7A1-5,CYP7A1,ACTGAAAAGAGACTCAAGCT
CYP7A1-6,CYP7A1,AATCTCTGATTAGAAAGGGA
CYP7A1-7,CYP7A1,TTATTCTTGGAATTAGGAGA
CYP7A1-8,CYP7A1,GTCAACCAAGCTCAAGTTAA
CYP7A1-9,CYP7A1,AATTTACTGTATAAAAATGA
CYP7A1-10,CYP7A1,AAGAAAATCTCTGATTAGAA
CYP7A1-11,CYP7A1,AGATTTTCTTCCTCAGAGATTT
CYP7A1-12,CYP7A1,ATGACCACATCTTTGATTT
CYP7A1-13,CYP7A1,CAAATCTAGGCCAAAATCTCTG
CYP7A1-14,CYP7A1,CAATCCCCCAAATCAAAGATG
CYP7A1-15,CYP7A1,CCTAGCTTGAGTCTCTTTTCAG
CYP7A1-16,CYP7A1,CTGTTGTCTATGGCTTATTCT
CYP7A1-17,CYP7A1,CTTATTCTTGGAATTAGGAGA
CYP7A1-18,CYP7A1,GAAGAAAATCTCTGATTAGAA
CYP7A1-19,CYP7A1,GTCATCATTTTGCAAATCT
CYP7A1-20,CYP7A1,TCTATGGCTTATTCTTGGAATT
DEFB129-1,DEFB129,CCAGGTGAACACAGGTAATG
DEFB129-2,DEFB129,CTGGTACTGTAGCATGAGGC
DEFB129-3,DEFB129,GGCTGGCAAAGATAGGAAAA
DEFB129-4,DEFB129,TCACCTGGTACTGTAGCATG
DEFB129-5,DEFB129,CCACATTACCTGTGTTCACC
DEFB129-6,DEFB129,CTACAGTACCAGGTGAACAC
DEFB129-7,DEFB129,GGAAAAAGGAGCTTCATGGT
DEFB129-8,DEFB129,TTCATGGTTGGGTGCCAGAG
DEFB129-9,DEFB129,CAGCCTCATGCTACAGTACC
DEFB129-10,DEFB129,GCCAATAAAGGCTGGAGCTC
DMRTB1-1,DMRTB1,AGGTGGTGGTTGTGTTACGA
DMRTB1-2,DMRTB1,TCCTGCATCTCGAGCACTTG
DMRTB1-3,DMRTB1,CCTGCCAATGGCCGACAAAA
DMRTB1-4,DMRTB1,GTTCCTGCATCTCGAGCACT
DMRTB1-5,DMRTB1,TTCCTGCATCTCGAGCACTT
DMRTB1-6,DMRTB1,GTAACACAACCACCACCTCT
DMRTB1-7,DMRTB1,CCCCCAAGTGCTCGAGATGC
DMRTB1-8,DMRTB1,GGAGGCGGCCCTGTGTGCGC
DMRTB1-9,DMRTB1,ACGAAGGCTGACCCTGCCAA
DMRTB1-10,DMRTB1,CCTGCATCTCGAGCACTTGG
DMRTB1-11,DMRTB1,AACGAGGGACTTGTGGGGCG
DMRTB1-12,DMRTB1,AAGATCATGGCCGCGCAGA
DMRTB1-13,DMRTB1,ACACGCGGGCAAATGCCGC
DMRTB1-14,DMRTB1,AGCTGCAGAGCAAGTGGCGC
DMRTB1-15,DMRTB1,ATGCAGGAACCATGGCTTCC
DMRTB1-16,DMRTB1,CGCACCATTTTGTCGGCCAT
DMRTB1-17,DMRTB1,GCTTCCTGGTGCCCGTCAA
DMRTB1-18,DMRTB1,GGGGTGCGCACCATTTTGT
DMRTB1-19,DMRTB1,GTGCCCGTCAAGGGACACG
DMRTC2-1,DMRTC2,TTGACTGAATCTGACTCCAT
DMRTC2-2,DMRTC2,GAGGAGGACGGAAAGGCAGG
DMRTC2-3,DMRTC2,ACGGTTACCACAGCCTCCAA
DMRTC2-4,DMRTC2,GTTAGGGAGTCCGGCTAAGA
DMRTC2-5,DMRTC2,GTGAACTAGCTGCACGAACA
DMRTC2-6,DMRTC2,AGGGAGGAGGACGGAAAGGC
DMRTC2-7,DMRTC2,ACTGAATCTGACTCCATTGG
DMRTC2-8,DMRTC2,GAGTCCGGCTAAGAGGGAGG
DMRTC2-9,DMRTC2,GTGTTCGTGCAGCTAGTTCA
DMRTC2-10,DMRTC2,AGGGAGTCCGGCTAAGAGGG
DMRTC2-11,DMRTC2,CGCGAGCTTGGCGGTTCCTC
DMRTC2-12,DMRTC2,CGGGCCCCTTGGCGCGTTCC
DMRTC2-13,DMRTC2,CTCCCTGGGGCACGGGAAGG
DMRTC2-14,DMRTC2,GAACCGGGAACGCGCCAA
DMRTC2-15,DMRTC2,gagaggggatgcctgggtta
DMRTC2-16,DMRTC2,gatgcctgggttagggagtc
DMRTC2-17,DMRTC2,ggttagggagtccggctaag
DMRTC2-18,DMRTC2,TGAACTAGCTGCACGAACA
DPCR1-1,DPCR1,CTGCCCCCCAAGAAGCTAGA
DPCR1-2,DPCR1,CCCAAGAAGCTAGAAGGAAG
DPCR1-3,DPCR1,AGCAGAGGCTGTGGACCGGC
DPCR1-4,DPCR1,GCGGAGCAGAGGCTGTGGAC
DPCR1-5,DPCR1,GCAGCCACCCAGCTCCGACA
DPCR1-6,DPCR1,GCAGAGGCTGTGGACCGGCT
DPCR1-7,DPCR1,CAGCTCCGACATGGCCCAGC
DPCR1-8,DPCR1,CAAAGGCGGAGCAGAGGCTG
DPCR1-9,DPCR1,GGAGGCCAAAGGCGGAGCAG
DPCR1-10,DPCR1,GGAAGAGGAGGCAGCACTGG
FAM71B-1,FAM71B,TTCTCTCCGTCTCTCTCTCG
FAM71B-2,FAM71B,CGATGCCCACTGTCACCATT
FAM71B-3,FAM71B,CTTCTCTCCGTCTCTCTCTC
FAM71B-4,FAM71B,GGGACTCTATTTGTGGCTGG
FAM71B-5,FAM71B,CAACGACAATTGTACAACAG
FAM71B-6,FAM71B,CCTTCTCTCCGTCTCTCTCT
FAM71B-7,FAM71B,TAAACAAGATTCATTGCTCA
FAM71B-8,FAM71B,TGCGTTCAAAACCTCCATGG
FAM71B-9,FAM71B,TCTCTCGGGGACTCTATTTG
FAM71B-10,FAM71B,TCGGGGACTCTATTTGTGGC
FCRL4-1,FCRL4,ATGGAAGCCTGCTCCAGGAT
FCRL4-2,FCRL4,ACTGAGCTCACTGCTGGTGC
FCRL4-3,FCRL4,GAGTTCTGAGGAGACAAGCC
FCRL4-4,FCRL4,GGTGTAGGCAAGTGCTGCTT
FCRL4-5,FCRL4,AAGTGCTGCTTTGGCAATCT
FCRL4-6,FCRL4,GCAGCATGGAAGCCTGCTCC
FCRL4-7,FCRL4,AAGCTTACTGAGCTCACTGC
FCRL4-8,FCRL4,TCCTCCCCATCACTTACCAA
FCRL4-9,FCRL4,CTCACTGCTGGTGCTGGTGT
FCRL4-10,FCRL4,CAAGTGCTGCTTTGGCAATC
FCRL4-11,FCRL4,AGCAGGCTTCCATGCTGCTGT
FCRL4-12,FCRL4,AGGGCTTTTGCTCATGGTG
FCRL4-13,FCRL4,ATTGAGATAATGAAGTGAAAG
FCRL4-14,FCRL4,CAAGGACGCCCACAGCAGCA
FCRL4-15,FCRL4,CAAGTGCTGCTTTGGCAATCT
FCRL4-16,FCRL4,CATGGAAGCCTGCTCCAGGAT
FCRL4-17,FCRL4,CTGGCCTTTGGTAAGTGAT
FCRL4-18,FCRL4,CTTTGGCAATCTGGGCTGACC
FCRL4-19,FCRL4,TGGGCGTCCTTGCTGGCCTT
HTR3D-1,HTR3D,ACCCTGTGCTGGCCAAAGCC
HTR3D-2,HTR3D,CCCTGTGCTGGCCAAAGCCT
HTR3D-3,HTR3D,ACTTTGATTATCAATTGCCC
HTR3D-4,HTR3D,GGTGGAGGATGAAGCCAAGG
HTR3D-5,HTR3D,TCTCTGCTCACTACAGGAAA
HTR3D-6,HTR3D,TAGTGAGCAGAGACTGAGAG
HTR3D-7,HTR3D,AAGGTACTTGCAGCAGCAGG
HTR3D-8,HTR3D,TGAGCAGAGACTGAGAGAGG
HTR3D-9,HTR3D,GCAGGTGGAGGATGAAGCCA
HTR3D-10,HTR3D,AGAGGCTGGTTCCATGGGAA
HTR3D-11,HTR3D,ATGAGTGGCGACACTGTAGT
HTR3D-12,HTR3D,TGAGCAGACATGTAACTCCT
HTR3D-13,HTR3D,CCCAGGCTTTGGCCAGCACA
HTR3D-14,HTR3D,CCTCTCTTTGGCACTTCTCT
HTR3D-15,HTR3D,CATGGGAAAGGATTCCTCCT
HTR3D-16,HTR3D,CTTAAGGTACTTGCAGCAGC
HTR3D-17,HTR3D,CAGCTCTTGCTCTTATCTTA
HTR3D-18,HTR3D,TCTCAGTCTCTGCTCACTAC
HTR3D-19,HTR3D,GTACTTGCAGCAGCAGGTGG
HTR3D-20,HTR3D,GAGACTGAGAGAGGAGGGCC
IL1F10-1,IL1F10,TCTCCAGGGATCAGGGTTCC
IL1F10-2,IL1F10,GATCAGGGTTCCAGGAACTC
IL1F10-3,IL1F10,AGAAATCAGTTGGAGTCTCC
IL1F10-4,IL1F10,GGAGCACATAAAGAGATTTG
IL1F10-5,IL1F10,TCCACCCCACTCTCAGGGCT
IL1F10-6,IL1F10,CTCCACCCCACTCTCAGGGC
IL1F10-7,IL1F10,AGTGGGACTGGGTTTGAGCT
IL1F10-8,IL1F10,TTATCCTCCAACTGTGAGGG
IL1F10-9,IL1F10,GGCTTATCCTCCAACTGTGA
IL1F10-10,IL1F10,TCCCAGCCCTGAGAGTGGGG
IL1F10-11,IL1F10,GTAGTTCAGAAATCTTGATT
IL1F10-12,IL1F10,GCTGTAGCCTCCCTCACAGT
IL1F10-13,IL1F10,GCACACTCCACCCCACTCTC
IL1F10-14,IL1F10,TCCAGGAACTCAGGATCTGC
IL1F10-15,IL1F10,TCTGCAGGTCAGTGATGGAC
IL1F10-16,IL1F10,GAAATCAGTTGGAGTCTCCA
IL1F10-17,IL1F10,AGTCCCCTCATATGACATGA
IL1F10-18,IL1F10,GTAGCCTCCCTCACAGTTGG
IL1F10-19,IL1F10,ACCTGCAGATCCTGAGTTCC
IL1F10-20,IL1F10,TTATACCGTCTGGTACAGGT
IL1F10-21,IL1F10,CCTGACCCACCTGTACCAGA
IL1F10-22,IL1F10,CACACTCCACCCCACTCTCA
IL1F10-23,IL1F10,AATGCCCTGGAGAAATCAGT
IL22-1,IL22,CGAGTTAGAATTGTCTGCAA
IL22-2,IL22,ATCTGTGAGCTCTTTCCTTA
IL22-3,IL22,TTCAGAACAGGTAAGCGTTT
IL22-4,IL22,AGAGCTCACAGATTTCTGCA
IL22-5,IL22,GCTCACAGATTTCTGCAGGG
IL22-6,IL22,GGTAAGCGTTTCGGCAAACT
IL22-7,IL22,CCTGGTCGAAGACAACGTGA
IL22-8,IL22,AAGAGCTCACAGATTTCTGC
IL22-9,IL22,ACAATTCTAACTCGAGCAAC
IL22-10,IL22,TGGTGGCCAGGGTCCCCATA
IL22-11,IL22,ACAAGCAGAATCTTCAGAAC
IL22-12,IL22,TTCGGCAAACTTGGTACAAT
IL22-13,IL22,TCTGTGAGCTCTTTCCTTAT
KPNB1-1,KPNB1,GGCGCGCAGGGAGGGAGCGA
KPNB1-2,KPNB1,TGAGAGGCGGCGCGCAGGGA
KPNB1-3,KPNB1,AGCGCGGCGCCTCCGCGGAG
KPNB1-4,KPNB1,CGGCGCGCAGGGAGGGAGCG
KPNB1-5,KPNB1,CGTGGAGCGCGGCGCCTCCG
KPNB1-6,KPNB1,GTGAGAGGCGGCGCGCAGGG
KPNB1-7,KPNB1,GGCGCCTCCGCGGAGAGGTC
KPNB1-8,KPNB1,ATTCGGACCGGACCTCTCCG
KPNB1-9,KPNB1,GTGAGTGAGAGGCGGCGCGC
KPNB1-10,KPNB1,TGAGTGAGAGGCGGCGCGCA
KPNB1-11,KPNB1,ACAACGGCCAATCGTCG
KPNB1-12,KPNB1,CCAATCGTCGTGGAGCG
KPNB1-13,KPNB1,CCAGCAGCCCATTTGGAGGG
KPNB1-14,KPNB1,CCAGTTAGGGATTCCGCG
KPNB1-15,KPNB1,CCGCCAGCAGCCCATTTGG
KPNB1-16,KPNB1,CGCGCTCTGAGCTGCCCCC
KPNB1-17,KPNB1,CGCGCTCTGAGCTGCCCCCA
KPNB1-18,KPNB1,CTCAGAGCGCGCTGGTGCT
KPNB1-19,KPNB1,CTCAGAGCGCGCTGGTGCTC
KPNB1-20,KPNB1,CTCTGTCTGGGTAGTCGGTC
KPNB1-21,KPNB1,GACAACGGCCAATCGTCG
KPNB1-22,KPNB1,GCCACGCGGAATCCCTAAC
KPNB1-23,KPNB1,GCGCCGCGCTCCACGACGAT
KPNB1-24,KPNB1,gCGGAGGGATATTCGGAC
KPNB1-25,KPNB1,gtCACCACAAACCCATTCAC
KPNB1-26,KPNB1,TGAGTGAGAGGCGGCGCGC
KRT25-1,KRT25,ACTGGAAAGTCGAAGAGACA
KRT25-2,KRT25,AGTCGAAGAGACATGGTATC
KRT25-3,KRT25,TTCGACTTTCCAGTGCATCC
KRT25-4,KRT25,GACTTTCCAGTGCATCCAGG
KRT25-5,KRT25,TCCAGTGGTGGGACGAGGAC
KRT25-6,KRT25,GCCTTCGGAGGCAGCTCATC
KRT25-7,KRT25,TCCCGATGAGCTGCCTCCGA
KRT25-8,KRT25,GTCGAAGAGACATGGTATCA
KRT25-9,KRT25,ACAGGACCTCCTGGATGCAC
KRT25-10,KRT25,GGGACGAGGACAGGACCTCC
KRT74-1,KRT74,GTTCAGTTGCCGACTCATGG
KRT74-2,KRT74,CAACTGAACATCAAGTCCAG
KRT74-3,KRT74,TTGCCGACTCATGGTGGGAA
KRT74-4,KRT74,GATGTTCAGTTGCCGACTCA
KRT74-5,KRT74,CATCAAGTCCAGTGGTGACA
KRT74-6,KRT74,GAAGTTGCCCTTGTCACCAC
KRT74-7,KRT74,ATCAAGTCCAGTGGTGACAA
KRT74-8,KRT74,GGAGAAAAGCAGTCTCCAAG
KRT74-9,KRT74,CAACCTTTCCCACCATGAGT
KRT74-10,KRT74,TTCAGTTGCCGACTCATGGT
KRT77-1,KRT77,GGTGTGGTGGTGGTGGATAT
KRT77-2,KRT77,CGGACTGAGAACTAAATTGG
KRT77-3,KRT77,AGGCAGAGACCAGAGAGGAA
KRT77-4,KRT77,GTCAGAGCTCCTTTCCTCTC
KRT77-5,KRT77,ACCAGAGCCTGCAGAAGAGC
KRT77-6,KRT77,CGTTTAGTTCAATGAGCAGG
KRT77-7,KRT77,ACGCGGACTGAGAACTAAAT
KRT77-8,KRT77,GTTTAGTTCAATGAGCAGGC
KRT77-9,KRT77,CCGCGTTTAGTTCAATGAGC
KRT77-10,KRT77,CCTGCTCATTGAACTAAACG
KRT9-1,KRT9,CCCGCCGCTGCGGCTCAAGT
KRT9-2,KRT9,GCTGCGGCTCAAGTAGGACG
KRT9-3,KRT9,ATGACACAGCTGGTAGCTCA
KRT9-4,KRT9,TTTGGCTACAGCTACGGCGG
KRT9-5,KRT9,CGGGGGCGGCCTGGGCAGCG
KRT9-6,KRT9,TGACACAGCTGGTAGCTCAC
KRT9-7,KRT9,AAGCTCTCGTGTCTGTGGGA
KRT9-8,KRT9,TCTGCAGCTCATGACACAGC
KRT9-9,KRT9,ACGGGTTGAGAAGCAGTGAT
KRT9-10,KRT9,TTATGCTGCCCCCGCTGCCC
KRT9-11,KRT9,ACAGCTCTGTACCCTGCACTT
KRT9-12,KRT9,CCGATTCAGCTCTTCTAG
KRT9-13,KRT9,CCTACTTATACCCCCAGCTGA
KRT9-14,KRT9,CTACAGCTACGGCGGAGGATC
KRT9-15,KRT9,CTCTTCTAGTGGCTATGGTG
KRT9-16,KRT9,GTATAAGTAGGCAGCCCC
KRT9-17,KRT9,TCCTACTTGAGCCGCAGCGG
KRT9-18,KRT9,TGCTACCGGCTCCCAAGTGCA
KRT9-19,KRT9,TGGCAGTTTTGGCTACAGCTA
LHX5-1,LHX5,CACTTTCCCCCACTTTCAAG
LHX5-2,LHX5,AATTTATAGCATATCTAAAT
LHX5-3,LHX5,TTGGCTACAGCGTTGCTGTC
LHX5-4,LHX5,CAATGGGCGCACCGTGGCCA
LHX5-5,LHX5,GTGCCGGCGCCTCCGCCACC
LHX5-6,LHX5,GCTGCACGTAGGGGGCCCAG
LHX5-7,LHX5,ACCTTCCAGTTTGGGGCTGA
LHX5-8,LHX5,TTGAAAGTGGGGGAAAGTGC
LHX5-9,LHX5,CTTATTCAGATTTGGTGACG
LHX5-10,LHX5,CGGACAGAGCAAAAAAAACA
LHX5-11,LHX5,ACCAGACAAAGATGAGGATC
LHX5-12,LHX5,ACGTGGCGCTGCACGTAGG
LHX5-13,LHX5,ATCCGGACCGCTTGAAAGTG
LHX5-14,LHX5,CCATGGCCACGGTGCGCCCAT
LHX5-15,LHX5,CGCTGCGGAGCGGCTTTCCC
LHX5-16,LHX5,CGGCTTTCCCCGGTGGCGG
LHX5-17,LHX5,CTGGCCTCGGCGCTGCGGAG
LHX5-18,LHX5,TATTAGCTTGTACCTGGTT
LHX5-19,LHX5,TGGCTGCTGGCCTCGGCGCTG
LHX5-20,LHX5,TTGAGTATTAGCTTGTACC
LUZP4-1,LUZP4,TCGTCAGGGTGGGGCAGGTG
LUZP4-2,LUZP4,GTACCACCCCCTCACCGCGC
LUZP4-3,LUZP4,CAGGGAAGATGGCTTCGTTT
LUZP4-4,LUZP4,CTCCACTAGTTTGGGCTCAC
LUZP4-5,LUZP4,TGCCGCCAAATCATCCCAGT
LUZP4-6,LUZP4,TTCCGACTGGGATGATTTGG
LUZP4-7,LUZP4,GTGTGTGGCGCCATGATGCA
LUZP4-8,LUZP4,AAATCATCCCAGTCGGAAAA
LUZP4-9,LUZP4,GCGCCATGATGCAGGGAAGA
LUZP4-10,LUZP4,AGTGTGTGGCGCCATGATGC
LYZL6-1,LYZL6,GAGCCTGGGGAATCTGGAGA
LYZL6-2,LYZL6,CTGGCCCAGAGATTTCTGGG
LYZL6-3,LYZL6,CCACCTGGCCCAGAGATTTC
LYZL6-4,LYZL6,GTTGGAGCAGTGAGTGAGTA
LYZL6-5,LYZL6,CACCTGGCCCAGAGATTTCT
LYZL6-6,LYZL6,GGAATCTGGAGAGGGCAGCC
LYZL6-7,LYZL6,TCTGGGCCAGGTGGAACCCA
LYZL6-8,LYZL6,GGGCAGGGCTGAAGTGTATG
LYZL6-9,LYZL6,AGTAGCGCCTTTGTCATCCT
LYZL6-10,LYZL6,CAGATCCTCCCAGAAATCTC
LYZL6-11,LYZL6,GAGATTGGAAACAGCCAGGT
LYZL6-12,LYZL6,AGTGAGTGAGTAAGGAAACC
LYZL6-13,LYZL6,CTGGGAGGATCTGTAGAACA
LYZL6-14,LYZL6,GAGAAATGGCTGGGGAGGGG
LYZL6-15,LYZL6,CTGCAGCTGGAGGACTTGGA
LYZL6-16,LYZL6,AGATCCTCCCAGAAATCTCT
LYZL6-17,LYZL6,CTCTGAGAGCCTGGGGAATC
LYZL6-18,LYZL6,CTCCCAGAAATCTCTGGGCC
LYZL6-19,LYZL6,CTCTGACCCTGGGTTCCACC
LYZL6-20,LYZL6,GGTGGAACCCAGGGTCAGAG
LYZL6-21,LYZL6,CTTGGCCCAGGTGCTGCAGC
LYZL6-22,LYZL6,TGTATGTGGTGAGGAAGAAG
MAGEB3-1,MAGEB3,AACTCTGAAGGGTAAAAGAG
MAGEB3-2,MAGEB3,CAGTCTGACTGCACTGCCTG
MAGEB3-3,MAGEB3,TGCACTGCCTGGGGCATTCT
MAGEB3-4,MAGEB3,TCAGTCTGACTGCACTGCCT
MAGEB3-5,MAGEB3,ACTTCACTGAGAACTCTGAA
MAGEB3-6,MAGEB3,GGTGACCTCAGTTAACTAGA
MAGEB3-7,MAGEB3,TTCTAGGCTGAGAAGAGGTT
MAGEB3-8,MAGEB3,CACTTCACTGAGAACTCTGA
MAGEB3-9,MAGEB3,TTCTCAGCCTAGAATGCCCC
MAGEB3-10,MAGEB3,CTCAGTCTGACTGCACTGCC
MRGPRD-1,MRGPRD,CACAGTGCACACGGCCTACC
MRGPRD-2,MRGPRD,ATAGTTTAGGGCTGACTCCA
MRGPRD-3,MRGPRD,CTACCTGGTGCTGAGCTCCC
MRGPRD-4,MRGPRD,TGCTCCCTCTGGAATAGTTT
MRGPRD-5,MRGPRD,CAGGCAGGTGAACATGGCCA
MRGPRD-6,MRGPRD,CAGCCCTAAACTATTCCAGA
MRGPRD-7,MRGPRD,ACCAGACTTTGAATAGCAGT
MRGPRD-8,MRGPRD,TCAGCCCTAAACTATTCCAG
MRGPRD-9,MRGPRD,TTTGAATAGCAGTGGGACCG
MRGPRD-10,MRGPRD,GCTCCCTCTGGAATAGTTTA
NLRP5-1,NLRP5,TTTCACTTTCTTTCTACCCC
NLRP5-2,NLRP5,GTTGCAGGAGGACTTGAACT
NLRP5-3,NLRP5,TAAGAGGCTGTCGACGCACG
NLRP5-4,NLRP5,AGCCTATTACTTCTCCAGGG
NLRP5-5,NLRP5,AGTAACTGAACATCGAAGGC
NLRP5-6,NLRP5,TCCTCATAGGTAACTCTAAG
NLRP5-7,NLRP5,ATGGTACCAAGGCTGAGGGT
NLRP5-8,NLRP5,GTGTCATGGTACCAAGGCTG
NLRP5-9,NLRP5,GCCTCTTAGAGTTACCTATG
NLRP5-10,NLRP5,TGTCATGGTACCAAGGCTGA
NLRP5-11,NLRP5,AGGAAACCGACCCTCAGCCT
NLRP5-12,NLRP5,ATCCGTGTGTCATGGTACCA
NLRP5-13,NLRP5,atgttatcatgaaggttgc
NLRP5-14,NLRP5,CAGTCCCTGGACAACTGTCAT
NLRP5-15,NLRP5,CCTATTACTTCTCCAGGGAGG
NLRP5-16,NLRP5,GGATTCGATCCGTGTGTCA
NLRP5-17,NLRP5,taactgaacatcgaaggc
NLRP5-18,NLRP5,TCATGGGTTGACCACCTCCC
NLRP5-19,NLRP5,TGTCATGGTACCAAGGCTG
NPHS2-1,NPHS2,CAGCTCTGAGGATGGAGAGG
NPHS2-2,NPHS2,GCGCTGCTGCTCCAGCCGCC
NPHS2-3,NPHS2,GAGGGCGCGGAGCTCCTCCA
NPHS2-4,NPHS2,TCTCCATCCTCAGAGCTGCC
NPHS2-5,NPHS2,CCTCAGAGCTGCCGGGCGGC
NPHS2-6,NPHS2,CTCTCCATCCTCAGAGCTGC
NPHS2-7,NPHS2,GCCTCGCCCGCGGGACTCCC
NPHS2-8,NPHS2,CCGCCCGGCAGCTCTGAGGA
NPHS2-9,NPHS2,GGAGGGCGCGGAGCTCCTCC
NPHS2-10,NPHS2,CCAGCCGCCCGGCAGCTCTG
NPHS2-11,NPHS2,ACGGTCTTTAGGGTCCCCC
NPHS2-12,NPHS2,AGCGCCCGCCGCCACGGTGG
NPHS2-13,NPHS2,AGCTCCTCCAGGGAGTCCCG
NPHS2-14,NPHS2,AGGCTGGGCCCGAGCCGTC
NPHS2-15,NPHS2,AGTCCCGCGGGCGAGGCGGC
NPHS2-16,NPHS2,CCGTCGGGCTCCGGACGGG
NPHS2-17,NPHS2,CCTCGCCCGCGGGACTCCC
NPHS2-18,NPHS2,CGGACCCGCAGCGACTCCAC
NPHS2-19,NPHS2,GAGTCCTGCCGCCTCGCCCG
NPHS2-20,NPHS2,GCGGCAGGACTCCGCACA
NPSR1-1,NPSR1,CCAGCTCTCAGGAGGCAAGC
NPSR1-2,NPSR1,TTGGCTGGCATGGCTCAGGC
NPSR1-3,NPSR1,CTGCAGGAGCAAGGACAGTG
NPSR1-4,NPSR1,CAGTGGGACCGGGCAGACGC
NPSR1-5,NPSR1,CCAGCTTGCCTCCTGAGAGC
NPSR1-6,NPSR1,GGACTCCCTCACTCAGCTGC
NPSR1-7,NPSR1,CGTAGATCCTCCCTGTCATC
NPSR1-8,NPSR1,CAGCTTGCCTCCTGAGAGCT
NPSR1-9,NPSR1,AGGGCAGCTTCGATTCCAGT
NPSR1-10,NPSR1,TGTTTCAGTGCAAGCCACTG
NPSR1-11,NPSR1,AAGAGCTCTGCCTGATGAC
NPSR1-12,NPSR1,CTCTTCAGTGAGGTGGGCTCA
NPSR1-13,NPSR1,CTGCAGCTCTGCTGAACGG
NPSR1-14,NPSR1,GCAGAGCTCTTCAGTGAGGT
NPSR1-15,NPSR1,GGAAGAATCCAGCGTCTGCC
NPSR1-16,NPSR1,GTTCCTTCTACTACTCCTTTA
NPSR1-17,NPSR1,TCCAGCTTGCCTCCTGAGAGC
NPSR1-18,NPSR1,TGAAGTTGGCTGGCATGGCTC
NPSR1-19,NPSR1,TTGGCTGGCATGGCTCAGGCG
NUP133-1,NUP133,TTAAGTTCCGCGCGCAGGCC
NUP133-2,NUP133,GACTAGGACAGCGAGGGATC
NUP133-3,NUP133,GACTCCAAGGAGCAGCGACT
NUP133-4,NUP133,CAGGCCAGGCTGCAACCTGA
NUP133-5,NUP133,CGGCTGGGAACATGACTCCA
NUP133-6,NUP133,TCCGCGGAGAAGGGGCGGCT
NUP133-7,NUP133,CTGGCCGTCAGGTTGCAGCC
NUP133-8,NUP133,GAGCAGCGACTAGGACAGCG
NUP133-9,NUP133,CTGTCCTAGTCGCTGCTCCT
NUP133-10,NUP133,GTCCGCGGAGAAGGGGCGGC
NUP133-11,NUP133,CCGACCGGCGAGAAGAGCAC
NUP133-12,NUP133,CCGGGCCCGAGTCCGGCCAG
NUP133-13,NUP133,CGAGCTACGCCGGCCGAC
NUP133-14,NUP133,CGGAACTTAAACACCTAA
NUP133-15,NUP133,CTCCCCAGTGCTCTTCTCGC
NUP133-16,NUP133,GACCCGGTACCCGGGGTCCG
NUP133-17,NUP133,TCCCGAAGGGGCCCGCTGGC
NUP133-18,NUP133,TGTTTAAGTTCCGCGCGC
NUP133-19,NUP133,TTGCAGCCTGGCCTGCGCG
NUP205-1,NUP205,AGCTCAATCGTCTTTCTGTC
NUP205-2,NUP205,TAAGATGGCGACGCCTTTGG
NUP205-3,NUP205,GCGGTAAATTCGGGTAAGTG
NUP205-4,NUP205,ACGCCTTTGGCGGTAAATTC
NUP205-5,NUP205,GATTGAGCTGAGCGATAACC
NUP205-6,NUP205,CTCGTCTCTCCATGAAGACC
NUP205-7,NUP205,CTCTAAGATGGCGACGCCTT
NUP205-8,NUP205,CTGTTAGTGCGCCTCTAAGA
NUP205-9,NUP205,GACGCCTTTGGCGGTAAATT
NUP205-10,NUP205,TTACCCGAATTTACCGCCAA
NUP205-11,NUP205,AATCTCAAACCCCAACTCGA
NUP205-12,NUP205,AATGGCGCGCGTCGGTGCTG
NUP205-13,NUP205,ACGCCTTTGGCGGTAAATT
NUP205-14,NUP205,ACGCGCGCCATTCAAACTG
NUP205-15,NUP205,CCCAGAATTAGGGAAAAGC
NUP205-16,NUP205,CCGCATGGAGGCCCCGGGAAA
NUP205-17,NUP205,CGGCTCCAGCCCTCGAGTTG
NUP205-18,NUP205,CTCAATCGTCTTTCTGTC
NUP205-19,NUP205,GAATCTCAAACCCCAACTCG
NUP205-20,NUP205,GCCCAGAATTAGGGAAAAGC
NUP205-21,NUP205,GGACTCTAGGCCCAGAATT
NUP205-22,NUP205,GTCAGCCTCACCCTTTCCCG
NUP205-23,NUP205,TCAGCCTCACCCTTTCCCG
NUP54-1,NUP54,CTTAGGCTAGGTCAGAAAGG
NUP54-2,NUP54,GTTTCCCGGCCGGACTGAGA
NUP54-3,NUP54,GCCTTCCGGCCTCTTAGGCT
NUP54-4,NUP54,GCGCGCTCCCCTTCTCAGTC
NUP54-5,NUP54,GTCAGAAAGGAGGCGGAACT
NUP54-6,NUP54,TTCCCGGCCGGACTGAGAAG
NUP54-7,NUP54,CTGACTGGCGGTTTCCCGGC
NUP54-8,NUP54,GAACTCGGTGATCTGACTGG
NUP54-9,NUP54,AGGCTAGGTCAGAAAGGAGG
NUP54-10,NUP54,GCTCCCCTTCTCAGTCCGGC
NUP54-11,NUP54,ACCTAGCCTAAGAGGCCGGA
NUP54-12,NUP54,ACTCTCCGACCTGGGGATCC
NUP54-13,NUP54,ATCCCCCTAGACCTTCACCC
NUP54-14,NUP54,CCAAGGGCGTAGGAGGTGGG
NUP54-15,NUP54,CGACATGGCCTTCAATTTTG
NUP54-16,NUP54,CGCGCTCCCCTTCTCAGTC
NUP54-17,NUP54,CGGTACCGGAGGTGCCCGA
NUP54-18,NUP54,CGTCGCAGGAGTAACCTACT
NUP54-19,NUP54,CTCCCCTTCTCAGTCCGGCC
NUP54-20,NUP54,GCGCCAAGGGCGTAGGAGG
NUP54-21,NUP54,GCGGAACTCGGTGATCTGAC
NUP54-22,NUP54,TCCGAGACTCTCCGACCT
NUP54-23,NUP54,TCCGAGACTCTCCGACCTG
NUP54-24,NUP54,TCGGAGAGTCTCGGACAGA
NUP54-25,NUP54,TCTCCTGCTTTCGCGACA
NUP54-26,NUP54,TTTCCCGGCCGGACTGAGAA
NUP93-1,NUP93,CGGCACCTGAGCGGCGGAGA
NUP93-2,NUP93,TCAAGCCGGCACCTGAGCGG
NUP93-3,NUP93,AGCCTTGGCCAATCAGGAAG
NUP93-4,NUP93,GCGGCCAGCCTTGGCCAATC
NUP93-5,NUP93,TACAGCCGTCTCCGCCGCTC
NUP93-6,NUP93,AATCAGGAAGCGGGGGAGAG
NUP93-7,NUP93,CAGGTGCCGGCTTGAGGACG
NUP93-8,NUP93,GCCGCTCAGGTGCCGGCTTG
NUP93-9,NUP93,TCCTCAAGCCGGCACCTGAG
NUP93-10,NUP93,CGTCTCCGCCGCTCAGGTGC
NUP93-11,NUP93,AACCCAGGACCCCGTGACT
NUP93-12,NUP93,ACGGCTGTAGCACAAGGTAA
NUP93-13,NUP93,AGAACGGGAAGTATGAGCGG
NUP93-14,NUP93,AGCGGCGGGGTTCCGAGCG
NUP93-15,NUP93,AGGAGAACGGGAAGTATGAG
NUP93-16,NUP93,CCCGGCTGCCATGAGGAGAA
NUP93-17,NUP93,CCGCCCCCGAGGCTTGGAGT
NUP93-18,NUP93,CCTCGGGGGCGGCTCGACA
NUP93-19,NUP93,CGACGCCAAATGAACTTTA
NUP93-20,NUP93,CGGAGACGGCTGTAGCACA
NUP93-21,NUP93,CGGGGTTCCGAGCGTGGGGA
NUP93-22,NUP93,CTTCTGGGAGCGGCCAGCCT
NUP93-23,NUP93,GACGGCGCTCCACCCAGTCA
NUP93-24,NUP93,GCGGAGACGGCTGTAGCACA
NUP93-25,NUP93,GGGGAGAGCGGCGCGAGAAG
NUP93-26,NUP93,GGTCTCCATAAAGTTCATT
NUP93-27,NUP93,GTCGCGTCCTTGCGACCC
NUP93-28,NUP93,TGGAGCGCCGTCCCCACGCT
NUP98-1,NUP98,AAGGAGTTCGGGGAGGCACA
NUP98-2,NUP98,GGGGCGAGAGGGAAGAGGAG
NUP98-3,NUP98,GAAGGAGTTCGGGGAGGCAC
NUP98-4,NUP98,AGTTCGGGGAGGCACAGGGT
NUP98-5,NUP98,AGGAGGGGCAGAAGGAGTTC
NUP98-6,NUP98,AAACCGAACTGAAGGGGGAA
NUP98-7,NUP98,AGGGGCGAGAGGGAAGAGGA
NUP98-8,NUP98,CACAGGGTAGGAGCGGTGAG
NUP98-9,NUP98,GGAGGGGCAGAAGGAGTTCG
NUP98-10,NUP98,GGGGCAGAAGGAGTTCGGGG
NUP98-11,NUP98,AGTCCCGCCCCTCGCCGCCG
NUP98-12,NUP98,CAACGAGCCTCTGACGCC
NUP98-13,NUP98,CCGCGTCCACCAATTCG
NUP98-14,NUP98,CGTCCACCAATTCGCGGA
NUP98-15,NUP98,CGTTGCCCAATGAATAAC
NUP98-16,NUP98,cTTCGGGCGCAGCGCGCAGA
NUP98-17,NUP98,GGCGGCGTGTGACGCAGTC
NUP98-18,NUP98,GGTCGACCCTGTTATTCATT
NUP98-19,NUP98,GTGGACGCGGCCGCCACTC
NUP98-20,NUP98,taggagcggtgagagggCCG
NUP98-21,NUP98,TCTTTTGAAACCGAACTga
OC90-1,OC90,CATCTGTTATTCCTGATGGT
OC90-2,OC90,TCTGTTATTCCTGATGGTTG
OC90-3,OC90,GGTTGGGGAGACAGAGAGCA
OC90-4,OC90,TAGGCATCTGTTATTCCTGA
OC90-5,OC90,ATCTGTTATTCCTGATGGTT
OC90-6,OC90,GCACTCCAGTGGAGCCTTCA
OC90-7,OC90,TTCATCCAGCTGCACTCCAG
OC90-8,OC90,TGGTTGGGGAGACAGAGAGC
OC90-9,OC90,TCCAGTGGAGCCTTCACGGT
OC90-10,OC90,TCTCTGTCTCCCCAACCATC
OC90-11,OC90,AAGGCTCCACTGGAGTGCAGC
OC90-12,OC90,AATAACAGATGCCTACCGTGA
OC90-13,OC90,AATGATGCTAGGGTTTGAAC
OC90-14,OC90,ACTGAGTCCTTTATACCCCA
OC90-15,OC90,aggaagacagcaagtaaagga
OC90-16,OC90,ATGGTTGGGGAGACAGAGAGC
OC90-17,OC90,CCTACCGTGAAGGCTCCAC
OC90-18,OC90,GTCTTTCCTTGGGGTATAA
OC90-19,OC90,TGCAGCTGGATGAATGATGCT
OLIG2-1,OLIG2,CTCGCTCCGAAAAGCCTCAG
OLIG2-2,OLIG2,TAATAAGCATCCGCACCTTT
OLIG2-3,OLIG2,TCAGGGGAGAACCTGGCACC
OLIG2-4,OLIG2,TAGCCCGGTGGCAGCGGCGA
OLIG2-5,OLIG2,CGGCCGAGCCCCTAAAGGTG
OLIG2-6,OLIG2,CGCACCTTTAGGGGCTCGGC
OLIG2-7,OLIG2,CGGTGCCAGGTTCTCCCCTG
OLIG2-8,OLIG2,TGCCACCGGGCTATAAAAAC
OLIG2-9,OLIG2,ATCGACGCGACACCAGCGCC
OLIG2-10,OLIG2,GAGAACCTGGCACCGGGCGC
OLIG2-11,OLIG2,CTCAGGGGAGAACCTGGCAC
OLIG2-12,OLIG2,AGCTCGCTCCGAAAAGCCTC
OLIG2-13,OLIG2,CGACACCAGCGCCCGGTGCC
OLIG2-14,OLIG2,AAAACCGGCCGAGCCCCTAA
OLIG2-15,OLIG2,CTTACTCTGGATGCGATTTG
OLIG2-16,OLIG2,AAAAGCCTCAGGGGAGAACC
OLIG2-17,OLIG2,ATAAGCATCCGCACCTTTAG
OLIG2-18,OLIG2,AATAAGCATCCGCACCTTTA
OLIG2-19,OLIG2,ACCCAGAATGCTCCGATAC
OLIG2-20,OLIG2,ATCTAGGCTGCGGCTGCTGT
OLIG2-21,OLIG2,CTCGGCCGGTTTTTATAGCC
OLIG2-22,OLIG2,GGACAGACTCTCCTCAACT
OLIG2-23,OLIG2,GGATCCAGACCCCCTGTAT
OLIG2-24,OLIG2,GGGTCTGGATCCCTACTCTG
OLIG2-25,OLIG2,TTTTTATAGCCcggtggcag
OR12D2-1,OR12D2,CCTGGGAAACCTGTCCTACC
OR12D2-2,OR12D2,CCGTAGAGTAACAGATATCC
OR12D2-3,OR12D2,TGAGAAAATTCTGAGCCGGA
OR12D2-4,OR12D2,CCTGGATATCTGTTACTCTA
OR12D2-5,OR12D2,GAGGAGAAATTCGGTGACTG
OR12D2-6,OR12D2,AGTCACCGAATTTCTCCTCT
OR12D2-7,OR12D2,TTCCCTTATGTATTTCTTCC
OR12D2-8,OR12D2,TCCCTTATGTATTTCTTCCT
OR12D2-9,OR12D2,AGAGTAACAGATATCCAGGT
OR12D2-10,OR12D2,CTCACCAAGCCAAAGATACT
OR52E8-1,OR52E8,GTGTGCCCAGCAGCTTTATA
OR52E8-2,OR52E8,GTGGAACAAGAATTACTAAT
OR52E8-3,OR52E8,TGGTGGCTGTAGACAAGCCC
OR52E8-4,OR52E8,GCCCAGCAGCTTTATATGGC
OR52E8-5,OR52E8,CCCAGCAGTAGGAATGAAGA
OR52E8-6,OR52E8,TGTAGACAAGCCCAGGTCAA
OR52E8-7,OR52E8,ATGTTGGATTCCATTGACCT
OR52E8-8,OR52E8,GCCACCATCCCCAAAATGTT
OR52E8-9,OR52E8,AGCCACCATCCCCAAAATGT
OR52E8-10,OR52E8,AGGAATATTATAATCGTCGC
OR9Q2-1,OR9Q2,GTTGCAGGTGAACCACTGGA
OR9Q2-2,OR9Q2,CAGGTGAACCACTGGATGGA
OR9Q2-3,OR9Q2,GCTCTTGTCTTAGCCGTTGC
OR9Q2-4,OR9Q2,AGCCGTTGCAGGTGAACCAC
OR9Q2-5,OR9Q2,CCACTGGATGGATGGCTGAA
OR9Q2-6,OR9Q2,GATGTTCAGTAAATGCAGTA
OR9Q2-7,OR9Q2,AAGGAAGAACTCCGTCACTA
OR9Q2-8,OR9Q2,AAGGAATTACACCGTAGTGA
OR9Q2-9,OR9Q2,ATCCAGTGGTTCACCTGCAA
OR9Q2-10,OR9Q2,CCTTTCAGCCATCCATCCAG
OTUD6A-1,OTUD6A,CTTTGGAGGAGCGGGGAGGC
OTUD6A-2,OTUD6A,GCTCCTGCCTCTCGCGTTGG
OTUD6A-3,OTUD6A,CCGGTGCTTCTGAGCCATCT
OTUD6A-4,OTUD6A,ATGCGCTGCTGTTCACTCTT
OTUD6A-5,OTUD6A,CCGCTTGCCATTCAACATCA
OTUD6A-6,OTUD6A,CCGCCACCAACGCGAGAGGC
OTUD6A-7,OTUD6A,GCAGCTCCTGCCTCTCGCGT
OTUD6A-8,OTUD6A,TGCGCCGCCACCAACGCGAG
OTUD6A-9,OTUD6A,CCTGCCTCTCGCGTTGGTGG
OTUD6A-10,OTUD6A,CCAAGATGAATCTGGAAAAC
PIWIL3-1,PIWIL3,ATTTGGAAGGCAAAAGAGGC
PIWIL3-2,PIWIL3,GAGGATTTGGAAGGCAAAAG
PIWIL3-3,PIWIL3,TTCAGGACAAGCCACTGGAG
PIWIL3-4,PIWIL3,AATTCAGGACAAGCCACTGG
PIWIL3-5,PIWIL3,CCTCCCTTTAAAAACCGCTT
PIWIL3-6,PIWIL3,GGGGACTGGGAGGTGTCAGG
PIWIL3-7,PIWIL3,AAAACCGCTTTGGCCGGGCG
PIWIL3-8,PIWIL3,CTTTAAAAACCGCTTTGGCC
PIWIL3-9,PIWIL3,CAGGGGGACTGGGAGGTGTC
PIWIL3-10,PIWIL3,GGTGGTGTGACCCCCTCCAG
PIWIL3-11,PIWIL3,aaaataattcaggacaagccac
PIWIL3-12,PIWIL3,aaggcaaaagaggcagggggac
PIWIL3-13,PIWIL3,caggctgaggcgggtagatcatg
PIWIL3-14,PIWIL3,cagggggactgggaggtgtcagg
PIWIL3-15,PIWIL3,ccaaagcggtttttaaaggg
PIWIL3-16,PIWIL3,cctcagcctgccaaagtgc
PIWIL3-17,PIWIL3,cgggtagatcatgaggtc
PIWIL3-18,PIWIL3,gaggatttggaaggcaaaagaggc
PIWIL3-19,PIWIL3,tcaggtggtgtgaccccctccag
PIWIL3-20,PIWIL3,tttttaaagggaggatttgga
PLA2G2E-1,PLA2G2E,GGGGAGATTTCATCCCAGGT
PLA2G2E-2,PLA2G2E,ACAAAGATCACTTACCCAGG
PLA2G2E-3,PLA2G2E,CAAAGGAACACCAGCACGTG
PLA2G2E-4,PLA2G2E,AGATTTCATCCCAGGTTGGG
PLA2G2E-5,PLA2G2E,GGAGATTTCATCCCAGGTTG
PLA2G2E-6,PLA2G2E,ACGTGGGGAGATTTCATCCC
PLA2G2E-7,PLA2G2E,GAGATTTCATCCCAGGTTGG
PLA2G2E-8,PLA2G2E,GGCAAAGGAACACCAGCACG
PLA2G2E-9,PLA2G2E,GGGGGGAAGGGAGGTGCACA
PLA2G2E-10,PLA2G2E,CTGGTGTTCCTTTGCCTCCT
PLA2G2E-11,PLA2G2E,AGGCTCCCTGAGATCAGAGG
PLA2G2E-12,PLA2G2E,ATGAAATCTCCCCACGTGC
PLA2G2E-13,PLA2G2E,CATCCACCACACCCTCGGT
PLA2G2E-14,PLA2G2E,CCAGATGGGGCAGAAGGCTGA
PLA2G2E-15,PLA2G2E,GCAAAGGAACACCAGCACG
PLA2G2E-16,PLA2G2E,GCCAGTTTTGCCTGAGCCAG
PLA2G2E-17,PLA2G2E,GGAGATTTCATCCCAGGTT
PLA2G2E-18,PLA2G2E,GTCACAAAGATCACTTACCC
PLA2G2E-19,PLA2G2E,GTCACCCTGGTGGCAGGAAG
PLA2G2E-20,PLA2G2E,TGGTGGATGCCAAACACTGG
POLA1-1,POLA1,CGGCGACGACTGTGAGATAG
POLA1-2,POLA1,GGCGCGGAATCGGGAGATTC
POLA1-3,POLA1,CACGGCGACGACTGTGAGAT
POLA1-4,POLA1,TGAGATAGGGGCGAGTGGTG
POLA1-5,POLA1,ACGGCGACGACTGTGAGATA
POLA1-6,POLA1,GGGACCATGGCACCTGTGCA
POLA1-7,POLA1,GACTGTGAGATAGGGGCGAG
POLA1-8,POLA1,TGGGCTGGTTGGCGCGGAAT
POLA1-9,POLA1,GAGATAGGGGCGAGTGGTGA
POLA1-10,POLA1,CGCGCGCGGGGCTCCGGGTT
POLA1-11,POLA1,ATCATGCCACTGTCCCAACC
POLA1-12,POLA1,CCAACCCGGAGCCCCGCGCG
POLA1-13,POLA1,AATCGGGAGATTCGGGACCA
POLA1-14,POLA1,ACAGTGGCATGATTGCCGG
POLA1-15,POLA1,ACCGGGCTTCCTTTAGGCG
POLA1-16,POLA1,ACCTTGGTCGTCCCCGGCGG
POLA1-17,POLA1,AGGGACAATTCCGCGCGC
POLA1-18,POLA1,CCCCCGCGCCAGTTTTGGGC
POLA1-19,POLA1,CGTCGGACCGGGCTTCCTTT
POLA1-20,POLA1,GCCCTTCTGGCGTCGGACC
POLA1-21,POLA1,GCGCACACCCGGGTTTGTT
POLA1-22,POLA1,GCGCACACCCGGGTTTGTTT
POLA1-23,POLA1,GCGCAGACCTTGGTCGTCCC
POLA1-24,POLA1,GTTTGTTTGGGCGCAGACCT
POLA1-25,POLA1,TGGCATGATTGCCGGTGGT
POLA1-26,POLA1,TTCTGAGGGAGGCGCACACC
POLA1-27,POLA1,TTTGTTTGGGCGCAGACCT
POLR2A-1,POLR2A,TTGGAGAAGAAGGCGGCTCC
POLR2A-2,POLR2A,TTCCTGAACGGCAGAGGTTA
POLR2A-3,POLR2A,GAAGAAGGCGGCTCCCGGAA
POLR2A-4,POLR2A,GCCGGGACGGTTGGAGAAGA
POLR2A-5,POLR2A,TGCCGTAACCTCTGCCGTTC
POLR2A-6,POLR2A,TAAGTAACCGGGTTCCTGAA
POLR2A-7,POLR2A,GTAACGAATAAATAAGTAAC
POLR2A-8,POLR2A,TAACGAATAAATAAGTAACC
POLR2A-9,POLR2A,GAAGCGCCGAGAGCGCGGCC
POLR2A-10,POLR2A,AGAAGGCGGCTCCCGGAAGG
POLR2A-11,POLR2A,AAGAAGGCGGCTCCCGGAAG
POLR2A-12,POLR2A,AGAGCGCGGCCGGGACGGT
POLR2A-13,POLR2A,AGTTGGGAGGAAAAAGCCGG
POLR2A-14,POLR2A,CAGTTTGTCTCTCCCCCTTCC
POLR2A-15,POLR2A,CCGGGACGGTTGGAGAAGA
POLR2A-16,POLR2A,CGCCGAGAGCGCGGCCGGGA
POLR2A-17,POLR2A,CTGAAAAATTTCCGGTA
POLR2A-18,POLR2A,CTTTTTCCTCCCAACTCGGGG
POLR2A-19,POLR2A,GAGCTGAAAAATTTCCGGTA
POLR2A-20,POLR2A,GCAGTTTGTCTCTCCCCCTTC
POLR2A-21,POLR2A,GTTCCTGAACGGCAGAGGTTA
POLR2D-1,POLR2D,CGCGGCGCGGCGATGGCGGC
POLR2D-2,POLR2D,TCCTCTACGTCGCCAGCCCG
POLR2D-3,POLR2D,TGGTGGCGCGCGGCGCGGCG
POLR2D-4,POLR2D,GGCGGGTGGCAGCGATCCGC
POLR2D-5,POLR2D,GCGCGGCGCGGCGATGGCGG
POLR2D-6,POLR2D,GCTTCCGGCGGCGCTGGTGG
POLR2D-7,POLR2D,TCCGCGGGCTGGCGACGTAG
POLR2D-8,POLR2D,CTCCGCGCTTCTGCTTCCGG
POLR2D-9,POLR2D,CGGCGGGTGGCAGCGATCCG
POLR2D-10,POLR2D,GGTGGCAGCGATCCGCGGGC
POLR2D-11,POLR2D,ACCACGCGAAGTGGCGCGG
POLR2D-12,POLR2D,CAGCCCCGAGCCCAACCTTT
POLR2D-13,POLR2D,CCCAAGCCGCCGCTGAGGCA
POLR2D-14,POLR2D,CCTGCGGCGACCACGCGAAG
POLR2D-15,POLR2D,CGAAGCGCGCATAACGCC
POLR2D-16,POLR2D,CGCGGAGCAACGGCCGCGGA
POLR2D-17,POLR2D,gtggcagcgATCCGCGGGC
POLR2D-18,POLR2D,TCTCGGGAGGGGCCCCGAG
POLR2F-1,POLR2F,CAGCGACACTACGACTCGCG
POLR2F-2,POLR2F,CGCTGCGCCCCGGTCCCGCG
POLR2F-3,POLR2F,GCGCAGGCGCAAGATAAGCT
POLR2F-4,POLR2F,TTTCCTCTGGGTTACGGCGC
POLR2F-5,POLR2F,GCTGTTTGCGGGTCTCCGCG
POLR2F-6,POLR2F,TCAGCGACCCCGCTGCGCCC
POLR2F-7,POLR2F,AGTCGTAGTGTCGCTGTTTG
POLR2F-8,POLR2F,GTCGTAGTGTCGCTGTTTGC
POLR2F-9,POLR2F,CGGGTCTCCGCGCGGGACCG
POLR2F-10,POLR2F,CTGTTTGCGGGTCTCCGCGC
POLR2F-11,POLR2F,ACAACGAGGACAAGTGAGTG
POLR2F-12,POLR2F,CAGCGGGGTCGCTGAGGCGA
POLR2F-13,POLR2F,CCTTTGCGGCAACCTTGGAA
POLR2F-14,POLR2F,CGGGAGCGGAGTGGCCTTTG
POLR2F-15,POLR2F,CTGAGGAGCCTGGCGTCTAG
POLR2F-16,POLR2F,CTTGGGTCGGCTGAGGAGCC
POLR2F-17,POLR2F,GGCGGATGAGGCAAGGCTT
POLR2F-18,POLR2F,GGGCAATGTCTGAGGGGACT
POU4F2-1,POU4F2,GCCTCTGCTGTCAGTCTGAA
POU4F2-2,POU4F2,GTGCCGAGGTCTGCAGCTAG
POU4F2-3,POU4F2,TCCGTTCAGACTGACAGCAG
POU4F2-4,POU4F2,AGCTAGCGGCAAGCGGAGTC
POU4F2-5,POU4F2,AGGAGCGCGTAGCCGAGATC
POU4F2-6,POU4F2,GGACTCTGTACGCCTGATCT
POU4F2-7,POU4F2,GTTCAGACTGACAGCAGAGG
POU4F2-8,POU4F2,ACTGACAGCAGAGGCGGCGA
POU4F2-9,POU4F2,CATCATCTTCCCGCCCGCCG
POU4F2-10,POU4F2,GGTCTGCAGCTAGCGGCAAG
POU4F2-11,POU4F2,agaggggagTATAACTCGC
POU4F2-12,POU4F2,agTATAACTCGCCGGCCGCG
POU4F2-13,POU4F2,CAGGCGTTTAGCATGCCGCA
POU4F2-14,POU4F2,CCTCTACGGACCAGCGCCC
POU4F2-15,POU4F2,CGTACAGAGTCCGGAGGCGG
POU4F2-16,POU4F2,CTAGCGGCAAGCGGAGTC
POU4F2-17,POU4F2,CTGGCCCGGCACTTCTCGGA
POU4F2-18,POU4F2,GGACCCTCCGAGAAGTGCC
PSMA3-1,PSMA3,CTAAACCCAAAGGGACGCGT
PSMA3-2,PSMA3,TAAACCCAAAGGGACGCGTA
PSMA3-3,PSMA3,GAATCCCTACGCGTCCCTTT
PSMA3-4,PSMA3,TGGTATAGGGGAAGCGCTCC
PSMA3-5,PSMA3,GGAATCCCTACGCGTCCCTT
PSMA3-6,PSMA3,AAGGGACGCGTAGGGATTCC
PSMA3-7,PSMA3,GTGGTATAGGGGAAGCGCTC
PSMA3-8,PSMA3,ACGCGTAGGGATTCCAGGCC
PSMA3-9,PSMA3,GAGCGCTTCCCCTATACCAC
PSMA3-10,PSMA3,TTTGCGGCATCCTGTGGTAT
PSMA3-11,PSMA3,AACTCGGACAGACCACATG
PSMA3-12,PSMA3,AAGGCGGTCTCAGAGCACCC
PSMA3-13,PSMA3,ACGCAGGCCTAGCATATAG
PSMA3-14,PSMA3,CAAATGGCCCACCCAGCCGA
PSMA3-15,PSMA3,CTCTGAGACCGCCTTCGGC
PSMA3-16,PSMA3,CTCTGAGACCGCCTTCGGCT
PSMA3-17,PSMA3,GAATCCCTACGCGTCCCTT
PSMA3-18,PSMA3,GATGCCGCAAACTAGTAAC
PSMA3-19,PSMA3,GGGTGAGTTCGCTGTCTGT
PSMA3-20,PSMA3,GTATAGGGGAAGCGCTCC
PSMA3-21,PSMA3,TCTTTATCCCCTATATGCT
PSMA3-22,PSMA3,TGGGCCATTTGCAGCTGTT
PSMA3-23,PSMA3,TTGGCAGTTCAGCCAATGAG
PSMA3-24,PSMA3,TTTAGCACGATGAGCTCAAT
PSMB2-1,PSMB2,GTAAGGTGCCGAGCACGTGT
PSMB2-2,PSMB2,TGTGGGTGTCAAAAAGGGGT
PSMB2-3,PSMB2,TCAAAAAGGGGTAGGTAGCC
PSMB2-4,PSMB2,AACGTAGGGAAACGGCTGCC
PSMB2-5,PSMB2,TACCGAGCAACGTAGGGAAA
PSMB2-6,PSMB2,GCACGTGTGGGTGTCAAAAA
PSMB2-7,PSMB2,AGCACGTGTGGGTGTCAAAA
PSMB2-8,PSMB2,TGTAAGGTGCCGAGCACGTG
PSMB2-9,PSMB2,CACGTGTGGGTGTCAAAAAG
PSMB2-10,PSMB2,AAAATCACGCAGTGTATGTA
PSMB2-11,PSMB2,ACCTGCACAGCCTGCTCCGG
PSMB2-12,PSMB2,ACGTACAACTGTCGCGAG
PSMB2-13,PSMB2,AGAGGTTGCAAAGCGGGCG
PSMB2-14,PSMB2,AGATTTTACCGAGCAACGTA
PSMB2-15,PSMB2,ATTTTACCGAGCAACGTA
PSMB2-16,PSMB2,CTTGCAGGAAAGGGGTTTCT
PSMB2-17,PSMB2,CTTGTCTCTGGGATCGTAC
PSMB2-18,PSMB2,GGATCGTACGGGTCTCCTC
PSMB2-19,PSMB2,TAAGGTGCCGAGCACGTG
PSMB2-20,PSMB2,TAAGGTGCCGAGCACGTGT
PSMB2-21,PSMB2,TACGGGTCTCCTCCGGAGC
PSMB2-22,PSMB2,TACGTCATCCGAGAGCGCCG
PSMB2-23,PSMB2,TCGCGAGAGGTTGCAAAGC
PSMB3-1,PSMB3,GGAAGCGGTTTCAGTTCGAG
PSMB3-2,PSMB3,CACCATGATTGCGGTGTACT
PSMB3-3,PSMB3,TGAGAGCGGTTGCGCAGTGA
PSMB3-4,PSMB3,ATCCTAGTACACCGCAATCA
PSMB3-5,PSMB3,ACACCGCAATCATGGTGAGA
PSMB3-6,PSMB3,TCCCCATCTCACCATGATTG
PSMB3-7,PSMB3,TGGAATTGCTCTGGCGATCG
PSMB3-8,PSMB3,CGAAAAGGGCCTAGGGTCGA
PSMB3-9,PSMB3,GGAATTGCTCTGGCGATCGA
PSMB3-10,PSMB3,TGCGCAGTGAAGGCTAGACC
PSMB3-11,PSMB3,AAGGAAGCGGTTTCAGTTCG
PSMB3-12,PSMB3,AGGGGGTCAGGAGAGGCTTG
PSMB3-13,PSMB3,ATTGAGAAGCGGAGGGGGTC
PSMB3-14,PSMB3,CGGTTTCAGTTCGAGGGGAG
PSMB3-15,PSMB3,CTGGGATGAGCACTGTGTGG
PSMB3-16,PSMB3,GAATTGCTCTGGCGATCGA
PSMB3-17,PSMB3,GCTGATAGGCGGACTCTTCC
PSMB3-18,PSMB3,GGCCCCGGTGAGGACCAAG
PSMB3-19,PSMB3,GGGAAGGATTGAGAAGCGG
PSMC1-1,PSMC1,CCTCTGGCGGGCCGCAGTGG
PSMC1-2,PSMC1,CCGCCTCTGGCGGGCCGCAG
PSMC1-3,PSMC1,CTGGCGGGCCGCAGTGGTGG
PSMC1-4,PSMC1,CGCCAGAGGCGGAAGTCGTT
PSMC1-5,PSMC1,TAACGACTTCCGCCTCTGGC
PSMC1-6,PSMC1,CTAACGACTTCCGCCTCTGG
PSMC1-7,PSMC1,CCACCACTGCGGCCCGCCAG
PSMC1-8,PSMC1,CGGAAGTTCCTCCACCACTG
PSMC1-9,PSMC1,TCCCTAACGACTTCCGCCTC
PSMC1-10,PSMC1,AGCGGCAGCTCAAGTGGCCA
PSMC1-11,PSMC1,AAGTCGTTAGGGACGCTA
PSMC1-12,PSMC1,ACCGCGCTCATGTCCACCGC
PSMC1-13,PSMC1,ACTAAGGGTTTCTTTCCGC
PSMC1-14,PSMC1,AGAAAGAGGCGGCTGCCCG
PSMC1-15,PSMC1,CAGCCTGAGGCGAGAGAAAG
PSMC1-16,PSMC1,CCAGAGGCGGAAGTCGTTA
PSMC1-17,PSMC1,CTCATGTCCACCGCGGGCCG
PSMC1-18,PSMC1,CTCCAAGGGCTTGTGCGGG
PSMC1-19,PSMC1,CTGACCAAGTTGTGCTCCA
PSMC1-20,PSMC1,CTGACCAAGTTGTGCTCCAA
PSMC1-21,PSMC1,CTGGTCGTCGCGGTGCGAT
PSMC1-22,PSMC1,GTGGACATGAGCGCGGTCTC
PSMC1-23,PSMC1,TGGACATGAGCGCGGTCTCT
PSMC1-24,PSMC1,TTTCTTTCCGCTGGTCGTCG
PSMC2-1,PSMC2,ATTACCTCGGTGCCGATCAG
PSMC2-2,PSMC2,CTATGTATTGCACTGGGACG
PSMC2-3,PSMC2,TTATGTTCTATGTATTGCAC
PSMC2-4,PSMC2,GGTGTCCAGACTAAATTACT
PSMC2-5,PSMC2,GCTGTGTAATCATTAAGGAG
PSMC2-6,PSMC2,TCTTCCGCTGATCGGCACCG
PSMC2-7,PSMC2,GACCAAGTCGCACGAGAGAA
PSMC2-8,PSMC2,AACCATTCTCTCGTGCGACT
PSMC2-9,PSMC2,CTTCCGGTGGGGAAGGGAAA
PSMC2-10,PSMC2,CATTAAGGAGCGGAGGCTTT
PSMC2-11,PSMC2,TGATCGGCACCGAGGTAATC
PSMC2-12,PSMC2,ACGACTAGTATATACATTTG
PSMC2-13,PSMC2,CGTGCGACTTGGTCTCCAGC
PSMC2-14,PSMC2,GTGTAATCATTAAGGAGCGG
PSMC2-15,PSMC2,GTTCTATACTGACTGAGATC
PSMC2-16,PSMC2,TATATACTAGTCGTCGATAC
PSMC2-17,PSMC2,TATGTTCTATGTATTGCACT
PSMC2-18,PSMC2,AAGGTGCTGTGTAATCATTA
PSMC2-19,PSMC2,GACACCACCGGAAGCAAGGA
PSMC2-20,PSMC2,CTTAAAAGTATAGCGCTCCT
PSMC2-21,PSMC2,AACCTAATCAGTGATTTTCCC
PSMC2-22,PSMC2,AAGGACGACAAGCCCATCCG
PSMC2-23,PSMC2,AGACCAAGTCGCACGAGAGAA
PSMC2-24,PSMC2,AGCCCAATTTACTTCCGGTG
PSMC2-25,PSMC2,AGCGGAGCTGCCTTGGCAC
PSMC2-26,PSMC2,AGGAGCTGGATTCCCGCTCC
PSMC2-27,PSMC2,CAGGCAAGTTAATCCGGC
PSMC2-28,PSMC2,CGCATCAGTTTTCCTGTAAAA
PSMC2-29,PSMC2,GACTGGAGCGGAGCTGCCT
PSMC2-30,PSMC2,GAGCGGAGCTGCCTTGGCAC
PSMC2-31,PSMC2,GCAGGCAAGTTAATCCGGC
PSMC2-32,PSMC2,GCCGGAGCTCGGAGCTGGGG
PSMC2-33,PSMC2,GGACTGGAGCGGAGCTGCCT
PSMC2-34,PSMC2,GTGTCCAGACTAAATTACT
PSMC2-35,PSMC2,GTTATGTTCTATGTATTGCAC
PSMC2-36,PSMC2,TCGTCGATACTGGTTCATAC
PSMC2-37,PSMC2,TCTGAGCCCAATTTACTTC
PSMC2-38,PSMC2,TGCCCCTAGTAATTTAGTC
PSMC2-39,PSMC2,TGGAATATAATCCTTTTTAC
PSMC2-40,PSMC2,TGTCCAGACTAAATTACTAG
PSMC2-41,PSMC2,TTATGTTCTATGTATTGCACT
PSMC2-42,PSMC2,TTCTATGTATTGCACTGGGACG
PSMC4-1,PSMC4,AGCGCATGAGCTTATGTTGA
PSMC4-2,PSMC4,GGCAGGATAGGACGAAGGGC
PSMC4-3,PSMC4,GGGAAGTGTAGTTTAAGTTA
PSMC4-4,PSMC4,GGAAGGGCAGGATAGGACGA
PSMC4-5,PSMC4,GAAGGGCAGGATAGGACGAA
PSMC4-6,PSMC4,GATAGGACGAAGGGCTGGTC
PSMC4-7,PSMC4,GCATGAGCTTATGTTGAGGG
PSMC4-8,PSMC4,ATAGGACGAAGGGCTGGTCT
PSMC4-9,PSMC4,ACGGCTGAGAGGTGCTGGAA
PSMC4-10,PSMC4,CAGCGCATGAGCTTATGTTG
PSMC4-11,PSMC4,AAGCGGTGACAGATCATCCC
PSMC4-12,PSMC4,ACAACGGAAGTCCCTGGCTG
PSMC4-13,PSMC4,CTGACGACAACGGAAGTCCC
PSMC4-14,PSMC4,GAAGGGCAGGATAGGACGA
PSMC4-15,PSMC4,GAGAAGGCTCAGGTACAGTG
PSMC4-16,PSMC4,GAGGAGATAGGCATCTTGG
PSMC4-17,PSMC4,GCCACACAGAGGCCGGCT
PSMC4-18,PSMC4,GCGTGCGCAGTATCACG
PSMC4-19,PSMC4,GGACTTCCGTTGTCGTCAG
PSMC4-20,PSMC4,GGACTTGGGCTTTTTAGTC
PSMC4-21,PSMC4,GGCTTTTTAGTCCGGGCC
PSMC4-22,PSMC4,TAGTTTAAGTTACGGCTGAG
PSMC4-23,PSMC4,TCCGTACCCGCAGGCGCGA
PSMD1-1,PSMD1,ACCGCGCCTCCTTGCTCCCC
PSMD1-2,PSMD1,CCTGGCGAGAAGCGAGCCGG
PSMD1-3,PSMD1,GCAGTGTATCTGTCAGCTCA
PSMD1-4,PSMD1,CGCAGTGTATCTGTCAGCTC
PSMD1-5,PSMD1,ACCCGGGGAGCAAGGAGGCG
PSMD1-6,PSMD1,GCTCAGTCAGTCGCCTCCTC
PSMD1-7,PSMD1,CAGTGTATCTGTCAGCTCAG
PSMD1-8,PSMD1,AGCGCACCCGGGGAGCAAGG
PSMD1-9,PSMD1,CTGACTGAGCAGCGCACCCG
PSMD1-10,PSMD1,AGCGAGCCGGCGGCCTGAGG
PSMD1-11,PSMD1,AAGCGAGCCGGCGGCCTG
PSMD1-12,PSMD1,AATTCGCGCCGGGCGGCAGG
PSMD1-13,PSMD1,ACTGACTGAGCAGCGCACC
PSMD1-14,PSMD1,AGCGAGCCGACGGGCGAGTG
PSMD1-15,PSMD1,ATACACTGCGCAGCTGGAA
PSMD1-16,PSMD1,CCCCTGGGCGGGCGGGGTCC
PSMD1-17,PSMD1,CCGGCTTTTAGCTGAGTCA
PSMD1-18,PSMD1,CCGGGAGGCGCCCAGTCAC
PSMD1-19,PSMD1,CGGGGTGGCGGGCAGCCCCT
PSMD1-20,PSMD1,CTCAGTCAGTCGCCTCCTC
PSMD1-21,PSMD1,CTGAGTCAGGGCCGGTGACT
PSMD1-22,PSMD1,CTTTTAGCTGAGTCAGGGC
PSMD1-23,PSMD1,GCCCGTAGCCAGCGCCTGGA
PSMD1-24,PSMD1,GCCGGTGACTGGGCGCCTCC
PSMD1-25,PSMD1,GCGCCTCCCGGCGGAACGC
PSMD1-26,PSMD1,GGCGCCTCCCGGCGGAACGC
PSMD1-27,PSMD1,GGGCGCAGCCATGATCACCT
PSMD11-1,PSMD11,GCCGCCCGCTAGGAGGCGCT
PSMD11-2,PSMD11,CTCGCCGGCCGCCCGCTAGG
PSMD11-3,PSMD11,CCCCAGCGCCTCCTAGCGGG
PSMD11-4,PSMD11,GAGCGGGACCGCCTCGCAGG
PSMD11-5,PSMD11,GGTCGGTGCTGAGTAGAGAC
PSMD11-6,PSMD11,TACCGCTCTCACACCGTCCC
PSMD11-7,PSMD11,GGAGAGCGGGACCGCCTCGC
PSMD11-8,PSMD11,GTCGGTGCTGAGTAGAGACT
PSMD11-9,PSMD11,GGCCGGGGACGGTGTGAGAG
PSMD11-10,PSMD11,GGCCGCCCGCTAGGAGGCGC
PSMD11-11,PSMD11,CTCCTAGCGGGCGGCCGGCG
PSMD11-12,PSMD11,TGAGTAGAGACTGGGCTCTC
PSMD11-13,PSMD11,CCGCCCGCTAGGAGGCGCTG
PSMD11-14,PSMD11,TTCCTCGCCGGCCGCCCGCT
PSMD11-15,PSMD11,TGAGAGCGGTAAGATGGCGG
PSMD11-16,PSMD11,TCGGCGGCCGCGGCCGGGGA
PSMD11-17,PSMD11,AGCGGGACCGCCTCGCAGGT
PSMD11-18,PSMD11,GTGTGAGAGCGGTAAGATGG
PSMD11-19,PSMD11,GAGCGGTAAGATGGCGGCGG
PSMD11-20,PSMD11,ACGGTGTGAGAGCGGTAAGA
PSMD11-21,PSMD11,CCACGGGAGCTACAGGCGG
PSMD11-22,PSMD11,cggccggggacggtgtgagag
PSMD11-23,PSMD11,CTACAGGCGGAGGGACCCG
PSMD11-24,PSMD11,GCTTTCCGGGTGTGTGTTTC
PSMD11-25,PSMD11,GGACCCGAGGGCGGGCTTTCC
PSMD11-26,PSMD11,GTGTGTGTTTCcggcgtcgg
PSMD11-27,PSMD11,tccccggccgcggccgccgacgc
PSMD11-28,PSMD11,TGTTTCcggcgtcggcggccg
PSMD6-1,PSMD6,GGGACCGGAAGCCGGGCCGC
PSMD6-2,PSMD6,GAGGAGTCGGCGAATACGCC
PSMD6-3,PSMD6,AACTTGGTTACGACCGGCTG
PSMD6-4,PSMD6,CGGAGACGGGACCGGAAGCC
PSMD6-5,PSMD6,GCGGAGACGGGACCGGAAGC
PSMD6-6,PSMD6,ACGCCCGGCCGCCTGCGGCC
PSMD6-7,PSMD6,GCAGCGGAAGCGGGAGGAGT
PSMD6-8,PSMD6,GAGGACGCTGCCGGCGGAGA
PSMD6-9,PSMD6,CCCGCTTCCGCTGCCGCAGC
PSMD6-10,PSMD6,GAAGCCGGGCCGCAGGCGGC
PSMD6-11,PSMD6,ACACAACTTGGTTACGAC
PSMD6-12,PSMD6,AGGAGTCGGCGAATACGCC
PSMD6-13,PSMD6,CAGCTGCGCGATACGCAAGT
PSMD6-14,PSMD6,CCATCAGCTCGTCGCGCA
PSMD6-15,PSMD6,CCGGGTGAGGCGTTCCCGG
PSMD6-16,PSMD6,CGATGCCGCTGGAGAACC
PSMD6-17,PSMD6,CGCACGGCAGCGTCTCCG
PSMD6-18,PSMD6,CGGCTGACAGGACACAACT
PSMD6-19,PSMD6,CGTCCTCTGCTGGACACCTC
PSMD6-20,PSMD6,GCCTCACTGTTATCGCGGA
PSMD6-21,PSMD6,GCTTCCGGTCCCGTCTCCGC
PSMD6-22,PSMD6,GGCCTCACTGTTATCGCGGA
PSMD6-23,PSMD6,GTTACGACCGGCTGCGGCAG
PSMD6-24,PSMD6,TGCGGGCCTCACTGTTATCG
PSMD6-25,PSMD6,TTCCCGGAGGTGTCCAGCAG
PSMD7-1,PSMD7,GAACCGGAAGAAGAGGAACT
PSMD7-2,PSMD7,CCGCGCGAGGGCTGACGAAC
PSMD7-3,PSMD7,GGCTGACGAACCGGAAGAAG
PSMD7-4,PSMD7,AGGCCCAGTTCCTCTTCTTC
PSMD7-5,PSMD7,CGAACCGGAAGAAGAGGAAC
PSMD7-6,PSMD7,CGGAAGAAGGAGGCCGCGCG
PSMD7-7,PSMD7,GGAAGAAGGAGGCCGCGCGA
PSMD7-8,PSMD7,AACTGGGCCTGAAAGGGTAC
PSMD7-9,PSMD7,GAAGAGGAACTGGGCCTGAA
PSMD7-10,PSMD7,GCAAACACCGGCAGCAGTAG
PSMD7-11,PSMD7,AAGAGGAACTGGGCCTGAAA
PSMD7-12,PSMD7,AGCGGGGTGTGTCGCGATGC
PSMD7-13,PSMD7,AGTCACGGGCACGCTGGAGA
PSMD7-14,PSMD7,AGTGCCTCGCGCGGCGGGCC
PSMD7-15,PSMD7,CACGCTGGAGATGGCGCGG
PSMD7-16,PSMD7,CACTCTGGGAGCGGAAGA
PSMD7-17,PSMD7,CCCGCCGCGCGAGGCACTC
PSMD7-18,PSMD7,CGAGCGCCCTATAGCTGGGC
PSMD7-19,PSMD7,CGCAGCCGCTGCTGAGTCAC
PSMD7-20,PSMD7,CGCCCTATAGCTGGGCCGG
PSMD7-21,PSMD7,CGCCGCCGGCCCAGCTATA
PSMD7-22,PSMD7,CGGTCACCGGTACCCTTTC
PSMD7-23,PSMD7,CTGCTGAGTCACGGGCACGC
PSMD7-24,PSMD7,GCGCAGCCGCTGCTGAGTCA
PSMD7-25,PSMD7,TGAGCGAGCGCCCTATAGCT
RNASE9-1,RNASE9,TGATATAATATTATAGTACT
RNASE9-2,RNASE9,GGAAGTCCAAGAGGTAGAGC
RNASE9-3,RNASE9,TGTACAAAGGAGAGTAGAGT
RNASE9-4,RNASE9,ATTATAGTACTAGGACTCTC
RNASE9-5,RNASE9,CAAATTACCTTAAATGCAAG
RNASE9-6,RNASE9,AGAATTGTATATTCTTAGAA
RNASE9-7,RNASE9,GAATTGTATATTCTTAGAAT
RNASE9-8,RNASE9,CATAGTGCCTCTTGCATTTA
RNASE9-9,RNASE9,ACAGAAGTTGGAAGTCCAAG
RNASE9-10,RNASE9,CTTTCTCCTGCTCTACCTCT
RNASE9-11,RNASE9,GTGTACAAAGGAGAGTAGAG
RNASE9-12,RNASE9,TGCATTTAAGGTAATTTGTT
RPL11-1,RPL11,CGGCCTGCCATGGATGGCGA
RPL11-2,RPL11,CCAGCTACTCACCGCCATGA
RPL11-3,RPL11,CCATCATGGCGGTGAGTAGC
RPL11-4,RPL11,CCCGCAGGCTCGGCCTGCCA
RPL11-5,RPL11,TCTCTTCCTGCTCTCCATCA
RPL11-6,RPL11,CCATGGATGGCGACGGATAA
RPL11-7,RPL11,CATCATGGCGGTGAGTAGCT
RPL11-8,RPL11,CTTCCTGCTCTCCATCATGG
RPL11-9,RPL11,TCACCGCCATGATGGAGAGC
RPL11-10,RPL11,GGATAAAGGAAAGCAAATCC
RPL11-11,RPL11,AAAGCGGAGCTTCCGGCCGA
RPL11-12,RPL11,AGCCCGCCTCCTGGCCCATA
RPL11-13,RPL11,AGTGCTCAGAAGCACGGTC
RPL11-14,RPL11,CAGGCTCGGCCTGCCATGGA
RPL11-15,RPL11,CCGTTCGAGCCAAGGACGCA
RPL11-16,RPL11,CGAAGTAGCCCCCGCAGGCT
RPL11-17,RPL11,CTCCATATTCCTCGGGCTGC
RPL11-18,RPL11,CTTCCGGCCGAGGGCCTTA
RPL11-19,RPL11,CTTCCGGCCGAGGGCCTTAT
RPL11-20,RPL11,GCTACTTCGCCCGCAGCCCG
RPL11-21,RPL11,GCTCCATATTCCTCGGGCTG
RPL11-22,RPL11,TTTTGGGCCAGCAGGCATTG
RPL18A-1,RPL18A,CGCCATGAAGGCCTCGGGCA
RPL18A-2,RPL18A,ACGTGCGGCATTGAGAGGGC
RPL18A-3,RPL18A,CGCCCGCCTTACCGTGCCCG
RPL18A-4,RPL18A,GTTCACCAGGCCTTCACTAC
RPL18A-5,RPL18A,GAAGGCGGCGCGCGGCCAAG
RPL18A-6,RPL18A,GTGCGGGGCAGAGAAGCCAA
RPL18A-7,RPL18A,ATGTTGGGTGCAACAAGAGA
RPL18A-8,RPL18A,CGCGGCGCGGCAGGGGGCCA
RPL18A-9,RPL18A,CAGAGAAGCCAATGGACGTG
RPL18A-10,RPL18A,GGTGAACGGCTGCGCGACAG
RPL18A-11,RPL18A,AAGGCGGCGCGCGGCCAAG
RPL18A-12,RPL18A,AAGGCGGCGCGCGGCCAAGG
RPL18A-13,RPL18A,ACAGAGGACACTTCCTTTTG
RPL18A-14,RPL18A,AGGACACTTCCTTTTGCGGG
RPL18A-15,RPL18A,ATGGGGCACGGGCCCCATCA
RPL18A-16,RPL18A,CATTGAGAGGGCGGGTCTTC
RPL18A-17,RPL18A,CCACTTATGCAGGCCCCTGA
RPL18A-18,RPL18A,CCTGCATAAGTGGCGTGGGC
RPL18A-19,RPL18A,CGGCCATCGTGGGAGCCGCG
RPL18A-20,RPL18A,CTTCTGTTTGGGCCCCCCT
RPL18A-21,RPL18A,GACGTGCGGCATTGAGAGGG
RPL18A-22,RPL18A,GAGAGAGCGATGCGTGACC
RPL18A-23,RPL18A,GCCTCGGGCACGGTAAGGC
RPL18A-24,RPL18A,GGCGGGTCTTCCGGTAGTGA
RPL18A-25,RPL18A,GTCTTCCGGTAGTGAAGGCC
RPL18A-26,RPL18A,TCTTCCGGTAGTGAAGGCC
RPL18A-27,RPL18A,TTGGGTGCAACAAGAGAAGG
RPL19-1,RPL19,CGGCCGCAGCCATGAGGTGA
RPL19-2,RPL19,GTCGGTCTTGGGACCGCAGC
RPL19-3,RPL19,TTGGGACCGCAGCTGGGGTT
RPL19-4,RPL19,GGCGCTGACGCGTGTCGACA
RPL19-5,RPL19,GACAAGGGACTGTCGGTCTT
RPL19-6,RPL19,CTTGGGACCGCAGCTGGGGT
RPL19-7,RPL19,CGACACGCGTCAGCGCCTGA
RPL19-8,RPL19,GGGACCGCAGCTGGGGTTGG
RPL19-9,RPL19,GCGTGTCGACAAGGGACTGT
RPL19-10,RPL19,GCCATGAGGTGAGGGCGAGC
RPL19-11,RPL19,GCGGCCGCAGCCATGAGGTG
RPL19-12,RPL19,CGACAAGGGACTGTCGGTCT
RPL19-13,RPL19,GCGCTGACGCGTGTCGACAA
RPL19-14,RPL19,TCGCCCTCACCTCATGGCTG
RPL19-15,RPL19,TCGGTCTTGGGACCGCAGCT
RPL19-16,RPL19,ACCAGCTCGCCCTCACCTCA
RPL19-17,RPL19,CTGCTGCGGCCGCAGCCATG
RPL19-18,RPL19,AATACGGACGAAATTGGAGC
RPL19-19,RPL19,ACGAAATTGGAGCAGGGTTT
RPL19-20,RPL19,AGGGCGAGCTGGTCTCCATC
RPL19-21,RPL19,CCCTAAAGCGGCCGGTCCC
RPL19-22,RPL19,CCTACCCCAAACCCCGGGAC
RPL19-23,RPL19,CGAAAGGAAAGAGCTCGCTC
RPL19-24,RPL19,CGCTGACGCGTGTCGACAA
RPL19-25,RPL19,CGTCGCAGCAACTGAGACC
RPL19-26,RPL19,CTCCGGCCTACCCCAAACCC
RPL19-27,RPL19,CTCTCCCCTTCGCAGATAAT
RPL19-28,RPL19,GACAGGAATACGGACGAAAT
RPL19-29,RPL19,GCCCGGGACGAAAGTGCTC
RPL19-30,RPL19,GCCTCCGGAGTGAGGGGGGG
RPL19-31,RPL19,GCTCCTCCCATTATCTGCGA
RPL19-32,RPL19,TCCCGGGCCTCCGGAGTGA
RPL19-33,RPL19,TCGGTCTTGGGACCGCAGC
RPL27-1,RPL27,CCGCTGCCATCCGCGGCTTG
RPL27-2,RPL27,TCGAAGGTCCGGGCGGCGCC
RPL27-3,RPL27,GGTGCTGAGTCTCGTGTTGC
RPL27-4,RPL27,CACTTCCTGTCCCGCCCTTC
RPL27-5,RPL27,CGGGCGGAAGAAGCTCATGA
RPL27-6,RPL27,TTTCAATCCGCTGCCATCCG
RPL27-7,RPL27,GCTGAGTCTCGTGTTGCGGG
RPL27-8,RPL27,TGGTGCTGAGTCTCGTGTTG
RPL27-9,RPL27,GCTTTGCCACGCTGATTGTG
RPL27-10,RPL27,ATCCGCGGCTTGGGGGTCGA
RPL27-11,RPL27,TTCGACCCCCAAGCCGCGGA
RPL27-12,RPL27,GACCTTCGACCCCCAAGCCG
RPL27-13,RPL27,GCGGGCGGAAGAAGCTCATG
RPL27-14,RPL27,TCCGCTGCCATCCGCGGCTT
RPL27-15,RPL27,TCAGCACCACACAATCAGCG
RPL27-16,RPL27,CGCTGCCATCCGCGGCTTGG
RPL27-17,RPL27,CCCCAAGCCGCGGATGGCAG
RPL27-18,RPL27,ATCCGCTGCCATCCGCGGCT
RPL27-19,RPL27,GCTGCCGGTAAGTAGAAGCT
RPL27-20,RPL27,ACCTAGGGAAGGAATGCACC
RPL27-21,RPL27,ACCTTCGACCCCCAAGCCG
RPL27-22,RPL27,CATTCCTTCCCTAGGTCTC
RPL27-23,RPL27,CTGCCATCCGCGGCTTG
RPL27-24,RPL27,CTGCCGGTAAGTAGAAGCTT
RPL27-25,RPL27,GAATGCACCCGGCGCCGCC
RPL27-26,RPL27,GCGCCGGGTGCATTCCTTCCCT
RPL27-27,RPL27,GTCGAAGGTCCGGGCGGCGC
RPL27-28,RPL27,TAGGGCCGGGTGGTTGCTGC
RPL27-29,RPL27,TCCTTCTTTCCTTTTTGCTGGT
RPL3-1,RPL3,CCCGCGGCAGACGACAGGTC
RPL3-2,RPL3,CCGACCTGTCGTCTGCCGCG
RPL3-3,RPL3,TAGGAGCGGAAGAGCGTGCG
RPL3-4,RPL3,GGCGTGCGAGCGCGCCCCCG
RPL3-5,RPL3,CGGAAGAGCGTGCGTGGAAA
RPL3-6,RPL3,CCCCGACCTGTCGTCTGCCG
RPL3-7,RPL3,CCCCGCGGCAGACGACAGGT
RPL3-8,RPL3,GCGCCCCCGCGGCAGACGAC
RPL3-9,RPL3,AAATCTGGCCCCGCCCCTTC
RPL3-10,RPL3,GGGCGCGCTCGCACGCCGGA
RPL3-11,RPL3,AAATTACACACTCTACGGCG
RPL3-12,RPL3,ATTCAGCCGTGCCGACGC
RPL3-13,RPL3,CCATCAAATCCCGCCGGTAG
RPL3-14,RPL3,CCGACCGGCCTCTACCGGC
RPL3-15,RPL3,CGCCGGCCAAGACGGGATGG
RPL3-16,RPL3,CGCTCGCACGCCGGAAGGGG
RPL3-17,RPL3,CGGACCCGTAAGGCCGAC
RPL3-18,RPL3,CGTGATGGTATGTGTTGTAA
RPL3-19,RPL3,CGTGCGTGGAAATGGCGCT
RPL3-20,RPL3,CTTTATATAGCGGACCCGTA
RPL3-21,RPL3,GCGCCGGGGGTTTGCTTTA
RPL3-22,RPL3,TAAGGCCGACCGGCCTCTAC
RPL3-23,RPL3,TAGAGGCCGGTCGGCCTTAC
RPL3-24,RPL3,TCAACTTCTGAACGAAAGCT
RPL30-1,RPL30,TCGTTCCCCGGCCATCTTAG
RPL30-2,RPL30,AGGCAGCGCGGGGAGCTTTG
RPL30-3,RPL30,GGCAGCGCGGGGAGCTTTGC
RPL30-4,RPL30,TTAGGATCCGGAGTTACAAA
RPL30-5,RPL30,CCGTGAAGAGCTTTGCATTG
RPL30-6,RPL30,CGGGTTGCCATTTGTAACTC
RPL30-7,RPL30,GAGTGGGCTCCTACCGACCG
RPL30-8,RPL30,ACCTAGAAGAGACAGAGAAC
RPL30-9,RPL30,TAGCGGCTGCTGTTGGTGAG
RPL30-10,RPL30,CGACCGAGGTTTAGGCAGCG
RPL30-11,RPL30,CGCGCTGCCTAAACCTCGGT
RPL30-12,RPL30,AGATGGCCGGGGAACGAGAA
RPL30-13,RPL30,CGTGAAGAGCTTTGCATTGT
RPL30-14,RPL30,GAAGAGACAGAGAACAGGAC
RPL30-15,RPL30,TCCCCGCGCTGCCTAAACCT
RPL30-16,RPL30,GACCGAGGTTTAGGCAGCGC
RPL30-17,RPL30,AGCGGCTGCTGTTGGTGAGT
RPL30-18,RPL30,CTGCCTAAACCTCGGTCGGT
RPL30-19,RPL30,GTCTTTCCTTTCTCGTTCCC
RPL30-20,RPL30,ACCGAGGTTTAGGCAGCGC
RPL30-21,RPL30,ACGGTGAGTGAGGCGGGCC
RPL30-22,RPL30,AGAACAGGACAGGAATTTT
RPL30-23,RPL30,AGTGGGCTCCTACCGACCG
RPL30-24,RPL30,ATTCACGTGGAGAGATGTCT
RPL30-25,RPL30,CAAAGAAGACGGTGAGTGAGG
RPL30-26,RPL30,CCGCAAAGAAGACGGTGAGTG
RPL30-27,RPL30,CCTAAACCTCGGTCGGT
RPL30-28,RPL30,GCCCGGAAGACGATTCACG
RPL30-29,RPL30,GGGCCGTCCCGCTCCTAAGGC
RPL30-30,RPL30,TTCTCTGTCTCTTCTAGGTTG
RPL34-1,RPL34,CGGATGGCAGCCGATTGGTA
RPL34-2,RPL34,TTGGTAAGGAAATAAAGACA
RPL34-3,RPL34,TCAGAAGCAGTCCTTTGAGC
RPL34-4,RPL34,GGGCACAACAGGGAGGTTGG
RPL34-5,RPL34,ATTGGTAAGGAAATAAAGAC
RPL34-6,RPL34,TGAGCTGGTGTAGGGGTAAG
RPL34-7,RPL34,CAACAGGGAGGTTGGTGGTG
RPL34-8,RPL34,GGCTGCCATCCGAGGAGCTG
RPL34-9,RPL34,GTCTTTATTTCCTTACCAAT
RPL34-10,RPL34,GGGTAAGGGGCACAACAGGG
RPL34-11,RPL34,TTTGAGCTGGTGTAGGGGTA
RPL34-12,RPL34,GGGGACGTTGTCTGCAGGTA
RPL34-13,RPL34,TTACCCCTACACCAGCTCAA
RPL34-14,RPL34,GGCTTCCTCAGCTCCTCGGA
RPL34-15,RPL34,TACCAATCGGCTGCCATCCG
RPL34-16,RPL34,TAGGGGTAAGGGGCACAACA
RPL34-17,RPL34,CTCCTCGGATGGCAGCCGAT
RPL34-18,RPL34,TCTAGGCTTCCTCAGCTCCT
RPL34-19,RPL34,GTAGGGGTAAGGGGCACAAC
RPL34-20,RPL34,TTGAGCTGGTGTAGGGGTAA
RPL34-21,RPL34,AAGTTCCTTACTTTGATCTT
RPL34-22,RPL34,AATGCAGCAAAGTCCCGGG
RPL34-23,RPL34,CATTCCAAGTGTAGCGTT
RPL34-24,RPL34,CTGTGGCTACTCACGGCTT
RPL34-25,RPL34,GAATGCAGCAAAGTCCCGGG
RPL34-26,RPL34,GCTTCCTCAGCTCCTCGGA
RPL34-27,RPL34,TAAGGGGCACAACAGGGAGGT
RPL34-28,RPL34,TGGTGAGCTGTGGCTACTCA
RPL34-29,RPL34,TTAGTCTCCAAACGCTACACT
RPL35A-1,RPL35A,AGGGTCTGCTGCTGAAATTT
RPL35A-2,RPL35A,TGTAAGAGTGCTATTGAATG
RPL35A-3,RPL35A,AAGGGTCTGCTGCTGAAATT
RPL35A-4,RPL35A,CTAAGTCCTTTCATCTTGGT
RPL35A-5,RPL35A,CTACCAAGATGAAAGGACTT
RPL35A-6,RPL35A,GAAAAACAATCCTCGGAAAT
RPL35A-7,RPL35A,CTCCTGTGGAGGTGAGTGAA
RPL35A-8,RPL35A,GGGTCTGCTGCTGAAATTTG
RPL35A-9,RPL35A,GCCCCGCCGCGTGGCCTTGT
RPL35A-10,RPL35A,TTTAATCCCACAAGGCCACG
RPL35A-11,RPL35A,GTAGGTTTGTTCCTGTGCCT
RPL35A-12,RPL35A,TACGCACCGGCGACTCGCCA
RPL35A-13,RPL35A,GGTCTGCTGCTGAAATTTGG
RPL35A-14,RPL35A,GCACAGGAACAAACCTACTC
RPL35A-15,RPL35A,AAGGACGAGGCCCCGCCGCG
RPL35A-16,RPL35A,AGCCAAGATGGCGGTAAGAGA
RPL35A-17,RPL35A,AGGATTGTTTTTCTGGCGTT
RPL35A-18,RPL35A,ATGGCGGTAAGAGAAGGACG
RPL35A-19,RPL35A,ATTTCCGAGGATTGTTTTTC
RPL35A-20,RPL35A,CACAGGAACAAACCTACTC
RPL35A-21,RPL35A,CAGACCCTTCACTCACCTCCAC
RPL35A-22,RPL35A,GCGAGTCGCCGGTGCGTAT
RPL35A-23,RPL35A,TCGAAAGATGTTTAATCCCACA
RPL35A-24,RPL35A,TTATCCCAGTTAAATTCCT
RPL36-1,RPL36,CTACTCGGCTCAGGAGGCGC
RPL36-2,RPL36,TGGTGCCCAAGGAGAAGAAA
RPL36-3,RPL36,TGAACTGTGCCTCAGAACAG
RPL36-4,RPL36,AGAGGACCCGGGAGTCCGGA
RPL36-5,RPL36,GACCCCTCCCGTCCTCATCC
RPL36-6,RPL36,GCGTGCCGTTCTTGCCTCTC
RPL36-7,RPL36,GACTCCCGGGTCCTCTGTGC
RPL36-8,RPL36,CGTTCGCGTGGCTCCCAGCC
RPL36-9,RPL36,TAAGTGGTTTCCCGCACTGC
RPL36-10,RPL36,TCCAGCGGGGGTGGGGTCCC
RPL36-11,RPL36,TCAGGAGGCGCAGGCCAGAG
RPL36-12,RPL36,GCTGAACTGTGCCTCAGAAC
RPL36-13,RPL36,GCACAGAGGACCCGGGAGTC
RPL36-14,RPL36,CCTGAGCCGAGTAGATATCC
RPL36-15,RPL36,CGGGGGTGGGGTCCCGGGCT
RPL36-16,RPL36,CCGCCGCCATCCGGACTCCC
RPL36-17,RPL36,CCCACTGTCCAGCGGGGGTG
RPL36-18,RPL36,CAGTTTCCCCCACTGTCCAG
RPL36-19,RPL36,CTGTAGGAGAGGAGTCTGCC
RPL36-20,RPL36,GCCCGGGACCCCACCCCCGC
RPL36-21,RPL36,GGAGTCTGCCAGGATGAGGA
RPL36-22,RPL36,TTTCCCCCACTGTCCAGCGG
RPL36-23,RPL36,AGTTTCCCCCACTGTCCAGC
RPL36-24,RPL36,GGCATGGTGACCCTGCCTGT
RPL36-25,RPL36,CCCGGGAGTCCGGATGGCGG
RPL36-26,RPL36,TCCAACCTGCACAGAGGACC
RPL36-27,RPL36,AGATATCCCGGAGTTCCGCG
RPL36-28,RPL36,CCACCCCCGCTGGACAGTGG
RPL36-29,RPL36,GAGTCTGCCAGGATGAGGAC
RPL36-30,RPL36,AGACTCCTCTCCTACAGGCA
RPL36-31,RPL36,GGATATCTACTCGGCTCAGG
RPL36-32,RPL36,ACCCCACCCCCGCTGGACAG
RPL36-33,RPL36,CCTCTGTGCAGGTTGGAGGA
RPL36-34,RPL36,CCGGGATATCTACTCGGCTC
RPL36-35,RPL36,CTGGCGCCGCGCGGAACTCC
RPL36-36,RPL36,GGAACTCCGGGATATCTACT
RPL36-37,RPL36,CAGACTCCTCTCCTACAGGC
RPL36-38,RPL36,CCAACCTGCACAGAGGACCC
RPL36-39,RPL36,TGTGCAGGTTGGAGGATGGT
RPL36-40,RPL36,GCAGGCCAGAGAGGCAAGAA
RPL36-41,RPL36,AAGCAGCCCGGCCGAAATG
RPL36-42,RPL36,AAGCCCTGCAGAACGCAT
RPL36-43,RPL36,ACCCGGGAGTCCGGATGGCGG
RPL36-44,RPL36,AGTACCGGCTCAGTTCCCG
RPL36-45,RPL36,atagacgggtgggggacaga
RPL36-46,RPL36,ATATCCCGGAGTTCCGCG
RPL36-47,RPL36,ATGGTTGGTTGTGGCGAGCG
RPL36-48,RPL36,CCGAAATGCGGGAGAAATGGG
RPL36-49,RPL36,ctgaactgtgcctcagaaca
RPL36-50,RPL36,gagaggagtctgccaggatg
RPL36-51,RPL36,gccagatggatagacgggtg
RPL36-52,RPL36,GCGGCGGATACCGGCAGTGC
RPL36-53,RPL36,GCTGAAGGAGCCGGGACGCG
RPL36-54,RPL36,GGACGCGGGGCTCTGGGCCT
RPL36-55,RPL36,GGGCCGATGCGTTCTGCA
RPL36-56,RPL36,gtgaccctgcctgtaggag
RPL36-57,RPL36,tgacttagctcaacaggatgc
RPL36-58,RPL36,TGAGATGAGGCAGGGTGTGCA
RPL36-59,RPL36,tttgtgtgacttagctcaac
RPL5-1,RPL5,TGAGTGGATGCCTCGGTCTC
RPL5-2,RPL5,CGCAGGCGCAGTATGTAGCG
RPL5-3,RPL5,TTCCCACCCCCTAGCGCCGC
RPL5-4,RPL5,GGCATCCACTCACCATCCTG
RPL5-5,RPL5,CTACATACTGCGCCTGCGCA
RPL5-6,RPL5,CCATCCTGCGGAACAGAGAC
RPL5-7,RPL5,TCCCACCCCCTAGCGCCGCT
RPL5-8,RPL5,CTGTTCCGCAGGATGGTGAG
RPL5-9,RPL5,GCTGGCATACGGGCAAGAAA
RPL5-10,RPL5,CCGGTCTCTGTTCCGCAGGA
RPL5-11,RPL5,ACGCGCGAGACGGGCCCT
RPL5-12,RPL5,ACGGGCCCTAGGCTGGCATA
RPL5-13,RPL5,AGTGGATGCCTCGGTCTCG
RPL5-14,RPL5,CCCGGTGCGCGAACTTGGG
RPL5-15,RPL5,CCGCCCGGTGCGCGAACTT
RPL5-16,RPL5,CTAGCAATCTAACGCCATC
RPL5-17,RPL5,GCAGCCATTTAAGGCCACGC
RPL5-18,RPL5,GCCCCTGCGACGCGCGAGA
RPL5-19,RPL5,GCCCCTGCGACGCGCGAGAC
RPL5-20,RPL5,GCCTTAAATGGCTGCCGCC
RPL5-21,RPL5,GCGCAGTATGTAGCGCGGA
RPL5-22,RPL5,GGCCCGTCTCGCGCGTCGC
RPL5-23,RPL5,GTCTCGGGGCTTTAGATGCA
RPL5-24,RPL5,TCGAGGTGCAGTTCCCAGCG
RPL5-25,RPL5,TCTCGGGGCTTTAGATGCA
RPL5-26,RPL5,TTCCCAGCGTGGCCTTAAA
RPL6-1,RPL6,ATTGCTTATAGACCGGAAGC
RPL6-2,RPL6,CAAGATGGGAAAGAGAATTA
RPL6-3,RPL6,CCTTCGCCATCCGAACCTGG
RPL6-4,RPL6,CGATTCTTACCTTGCAAGAT
RPL6-5,RPL6,AGGTTCGGATGGCGAAGGAT
RPL6-6,RPL6,GGATGCCCTCCAGGTTCGGA
RPL6-7,RPL6,TGAACTCAAGTCTTGCAGAC
RPL6-8,RPL6,CCTCCAGGTTCGGATGGCGA
RPL6-9,RPL6,GCGATTCTTACCTTGCAAGA
RPL6-10,RPL6,ATCTTGCAAGGTAAGAATCG
RPL6-11,RPL6,GACTGGATGCCCTCCAGGTT
RPL6-12,RPL6,GTGTCGACTGGATGCCCTCC
RPL6-13,RPL6,CTTCGCCATCCGAACCTGGA
RPL6-14,RPL6,GGTTCGGATGGCGAAGGATT
RPL6-15,RPL6,TCTTGCAAGGTAAGAATCGC
RPL6-16,RPL6,TGTCTGCAAGACTTGAGTTC
RPL6-17,RPL6,AAGGCCTCTCAGTTAGCCT
RPL6-18,RPL6,AATGCCGTAGTGGCTCCCTC
RPL6-19,RPL6,AATTAAGGTCCCGGCTTC
RPL6-20,RPL6,ACGCTTCATTTTTGTTGTTT
RPL6-21,RPL6,AGAATTAAGGTCCCGGCTTC
RPL6-22,RPL6,AGAGTGGCGAAGAACCGGA
RPL6-23,RPL6,CGATTCTTACCTTGCAAGA
RPL6-24,RPL6,GAAGGCCTCTCAGTTAGCCT
RPL6-25,RPL6,GACATGTCCGACCCCTGT
RPL6-26,RPL6,GATGCCCTCCAGGTTCGGA
RPL6-27,RPL6,GGTGAGGTAGAATGCCGTAG
RPL6-28,RPL6,GTTCGGATGGCGAAGGATT
RPL6-29,RPL6,GTTCTTCGCCACTCTCTT
RPL9-1,RPL9,TCTGTGCTCGTGGGGGTACT
RPL9-2,RPL9,TCTTTGCTGCGTCTACTGCG
RPL9-3,RPL9,AAGGATGTTTCTGTGCTCGT
RPL9-4,RPL9,TTCTGTGCTCGTGGGGGTAC
RPL9-5,RPL9,GCTGGGGGACAAACAGGACA
RPL9-6,RPL9,GCAGCCTTTCCCAGAGCAGA
RPL9-7,RPL9,GGATGTTTCTGTGCTCGTGG
RPL9-8,RPL9,TGCGGCGCGGCTCCCACTCT
RPL9-9,RPL9,ACAGGACAAGGTTCCGAGAG
RPL9-10,RPL9,GCTGCGTCTACTGCGAGGTA
RPL9-11,RPL9,CAGGACAAGGTTCCGAGAGT
RPL9-12,RPL9,TAAGGATGTTTCTGTGCTCG
RPL9-13,RPL9,TGCCGAGCTGGGGGACAAAC
RPL9-14,RPL9,GAAACCATCTGCTCTGGGAA
RPL9-15,RPL9,AGGATGTTTCTGTGCTCGTG
RPL9-16,RPL9,AATCTGAAACCATCTGCTC
RPL9-17,RPL9,ACTTCCAGGGTTGGGCTGAG
RPL9-18,RPL9,ATTCGCATCTGGCGCCGCC
RPL9-19,RPL9,CAAGCGCCATATGAGCCTGG
RPL9-20,RPL9,CCAGATGCGAATCCTGTTGT
RPL9-21,RPL9,CGAATCCTGTTGTGGGCTTTT
RPL9-22,RPL9,CTCTGGGAAAGGCTGCGGCG
RPL9-23,RPL9,CTGCGTCTACTGCGAGGTA
RPL9-24,RPL9,GAATCTGAAACCATCTGCTC
RPL9-25,RPL9,GATGTTTCTGTGCTCGTGG
RPL9-26,RPL9,GATTCGCATCTGGCGCCGCC
RPL9-27,RPL9,GTGCCATCCCGGCAAGACTG
RPL9-28,RPL9,TGCCATCCCGGCAAGACTG
RPL9-29,RPL9,TTTCTGTGCTCGTGGGGGTAC
RPLP1-1,RPLP1,CAATCGGCGCCCGCACCGGG
RPLP1-2,RPLP1,GACCAATCGGCGCCCGCACC
RPLP1-3,RPLP1,CAGGCGCCTTCAGTGGGTCC
RPLP1-4,RPLP1,AGGCGCCTTCAGTGGGTCCT
RPLP1-5,RPLP1,CGCCCGGTGCGGGCGCCGAT
RPLP1-6,RPLP1,AGTGCGCAGGCGCCTTCAGT
RPLP1-7,RPLP1,GCCTGGAGCCGGGAACCGCA
RPLP1-8,RPLP1,AGCCGAAAGTCACCGCCCAC
RPLP1-9,RPLP1,GTGACAGTCACGGTGAGTGC
RPLP1-10,RPLP1,ACACATAAGAGGCTGCGTAT
RPLP1-11,RPLP1,AAGCTAAGGCTGCGTTGGGGTG
RPLP1-12,RPLP1,ACCAATCGGCGCCCGCACC
RPLP1-13,RPLP1,CAGCCTCTTATGTGTCCACG
RPLP1-14,RPLP1,ccggcggccgggcTGCCTGT
RPLP1-15,RPLP1,cTGCCTGTGGGCGGTGACTTT
RPLP1-16,RPLP1,GTCCGCCTCTTCCGCCCGGTG
RPLP1-17,RPLP1,TCCTGGGTCCGCCTCTTCCGCC
RPS11-1,RPS11,GGGGTCCGCCTTGGCCTTCA
RPS11-2,RPS11,CAGCCCCTGCGTAATCGATA
RPS11-3,RPS11,GAGAAACGCAGCACGGCCTT
RPS11-4,RPS11,GCGTAATCGATAAGGAAACC
RPS11-5,RPS11,AGAAAGGGGCAGCAGCGTCC
RPS11-6,RPS11,GGCCGCCTGAAAAAAAGAAA
RPS11-7,RPS11,CGGGAAGATGGCGGACATTC
RPS11-8,RPS11,AAGAAAGGGGCAGCAGCGTC
RPS11-9,RPS11,CGGCCGCCTGAAAAAAAGAA
RPS11-10,RPS11,GCCGCCTGAAAAAAAGAAAG
RPS11-11,RPS11,ACGTAAGGAGAAACGCAGCA
RPS11-12,RPS11,ATTATTTTCTAGAGATTAAC
RPS11-13,RPS11,CAGAGCCCGGCGGCCAAGTT
RPS11-14,RPS11,CCAAGTTCGGGGGTTAATTC
RPS11-15,RPS11,CCAGGAGCCCCCAGGAATT
RPS11-16,RPS11,CGGACTCGGGGTTGGATGCC
RPS11-17,RPS11,CGGGGTCCGCCTTGGCCTTC
RPS11-18,RPS11,GAATTAACCCCCGAACT
RPS11-19,RPS11,GACATTCAGGTGCGGACTCG
RPS11-20,RPS11,TTTCCTTATCGATTACGCA
RPS11-21,RPS11,TTTCCTTATCGATTACGCAG
RPS13-1,RPS13,CCTCCTGCGTGAGAGGAAGC
RPS13-2,RPS13,AGCTCCGCCTCCTGCGTGAG
RPS13-3,RPS13,GTCACTTCCTGCGTGTTGGG
RPS13-4,RPS13,CAGGAAGCCACCCAACACGC
RPS13-5,RPS13,CCCGCTTCCTCTCACGCAGG
RPS13-6,RPS13,GCCTCCTGCGTGAGAGGAAG
RPS13-7,RPS13,AGCGAGAGTGGAAACGCCGC
RPS13-8,RPS13,GTCCCCGCTTCCTCTCACGC
RPS13-9,RPS13,TGAGGTCACTTCCTGCGTGT
RPS13-10,RPS13,AGAGGAAGCGGGGACGTGTG
RPS13-11,RPS13,CATGCTCCCGGGTGAGCTCG
RPS13-12,RPS13,CCTCCTGCGTGAGAGGAAG
RPS13-13,RPS13,CGTGTTGGGTGGCTTCCTG
RPS13-14,RPS13,GCATCAAGCCGGATTGCT
RPS13-15,RPS13,GCCGAGGGGATGATGTTCT
RPS13-16,RPS13,GGAGATGTAGTCACACAGA
RPS13-17,RPS13,GGAGATGTAGTCACACAGAC
RPS13-18,RPS13,GGCATCAAGCCGGATTGCT
RPS13-19,RPS13,GGCCGAGGGGATGATGTTCT
RPS13-20,RPS13,GTGAGCTCGGGGCATCAAGC
RPS13-21,RPS13,TAGTCACACAGACGGGCGG
RPS13-22,RPS13,TCCCCGCTTCCTCTCACGC
RPS17-1,RPS17,GCGGCGGTGGCGCGCCCCTC
RPS17-2,RPS17,GGCGCGCCCCTCCGGTGGGC
RPS17-3,RPS17,GCGCGCCCCTCCGGTGGGCA
RPS17-4,RPS17,AGACACCCTGCCCACCGGAG
RPS17-5,RPS17,CGGTGGCGCGCCCCTCCGGT
RPS17-6,RPS17,GCGGTGGCGCGCCCCTCCGG
RPS17-7,RPS17,ACAGACACCCTGCCCACCGGAG
RPS17-8,RPS17,CCCCCGCTCCACTCCGCCA
RPS17-9,RPS17,CTCAGAGCGACCGTGGCC
RPS17-10,RPS17,GCCGGGCGGAAGCGGCTTTC
RPS17-11,RPS17,GCGCGCCCCTCCGGTGGGC
RPS17-12,RPS17,GCGCTGTGTGGCTCCCGAGT
RPS17-13,RPS17,GCTTAATGCGGAAGCCGC
RPS17-14,RPS17,GGAAGGCGCAGAGCCCTGTC
RPS17-15,RPS17,GGGCGGCGGTGGCGCGCCCCTC
RPS19-1,RPS19,TTCGTGGCTGGAAGGAACAG
RPS19-2,RPS19,GGCTTCGTTTGCGTCGTTCG
RPS19-3,RPS19,AGAGCTCCTGTTCGGAGCTG
RPS19-4,RPS19,CGTCCGGAGTCCCGGGGCTG
RPS19-5,RPS19,GGCGTCCGGAGTCCCGGGGC
RPS19-6,RPS19,TGTTCGGAGCTGGGGGAACT
RPS19-7,RPS19,GAGGATAGAGAGCTCCTGTT
RPS19-8,RPS19,CGCACCCCGCCGCTGCCCCC
RPS19-9,RPS19,AACCGAGCGTGGGCCCCGGG
RPS19-10,RPS19,TGGGCCCCGGGGGGCAGCGG
RPS19-11,RPS19,TCCCGGAGTGTAATAGAGAG
RPS19-12,RPS19,AGAGAGCTCCTGTTCGGAGC
RPS19-13,RPS19,GGCGGGGTGCGTGGGGCGTC
RPS19-14,RPS19,GCCGTCCGGGAACCGAGCGT
RPS19-15,RPS19,GAGCTCCTGTTCGGAGCTGG
RPS19-16,RPS19,CGTGGGGCGTCCGGAGTCCC
RPS19-17,RPS19,GGGAACCGAGCGTGGGCCCC
RPS19-18,RPS19,GAGAGCTCCTGTTCGGAGCT
RPS19-19,RPS19,TTGCGTCGTTCGTGGCTGGA
RPS19-20,RPS19,GGGGGCAGCGGCGGGGTGCG
RPS19-21,RPS19,AAAGTTCGTCCCCGCCTAGA
RPS19-22,RPS19,AACTTTCGCCCTGAGAGAGG
RPS19-23,RPS19,AGAGCTCCTGTTCGGAGCT
RPS19-24,RPS19,AGGGCCAAGGGGTCGCGCG
RPS19-25,RPS19,AGGGGAGGGTGTCTAGTGAG
RPS19-26,RPS19,CACGTGGCCGCGGCTCTAg
RPS19-27,RPS19,CCGTCCGGGAACCGAGCGT
RPS19-28,RPS19,CGAAAGTACGGGGCAGGA
RPS19-29,RPS19,CGCAGGATCCTCACACGC
RPS19-30,RPS19,CTTCGTTTGCGTCGTTCG
RPS19-31,RPS19,GAAACGCGGGAGGAAACCC
RPS19-32,RPS19,GAACCGAGCGTGGGCCCCGG
RPS19-33,RPS19,GATCCTCACACGCAGGGGCC
RPS19-34,RPS19,GCCCCTTCAACGCCGGGCTC
RPS19-35,RPS19,GCCTCCACGCGCGACCCCT
RPS19-36,RPS19,GCTGGGGAGTGGGGTCGCGC
RPS19-37,RPS19,GGCCACAGCTGGCGCCCCA
RPS19-38,RPS19,GGGCCGTGGGAAGTAACG
RPS19-39,RPS19,GGGGCAGCGGCGGGGTGCGT
RPS19-40,RPS19,TTCCCGGACGGCGCTGAC
RPS24-1,RPS24,CCCAGGGACCACGGATGGCT
RPS24-2,RPS24,GGAAGGACCCCGGGAAGAGC
RPS24-3,RPS24,GCCAATCATATCAACGCGCA
RPS24-4,RPS24,TACGCGGCAGATGACTGCAC
RPS24-5,RPS24,CCATCATGGTGAGTCTCCCT
RPS24-6,RPS24,GCCCCCACGCCGGCTCTTCC
RPS24-7,RPS24,CCGCGTATCCGAGCCATCCG
RPS24-8,RPS24,CCCCACGCCGGCTCTTCCCG
RPS24-9,RPS24,TGCGCGTTGATATGATTGGC
RPS24-10,RPS24,CAGATGACTGCACGGGCCCA
RPS24-11,RPS24,CCCCCACGCCGGCTCTTCCC
RPS24-12,RPS24,ATACGCGGCAGATGACTGCA
RPS24-13,RPS24,GCCATCATGGTGAGTCTCCC
RPS24-14,RPS24,AAAAGAGAACCACGATTCGC
RPS24-15,RPS24,ATCATATCAACGCGCACGGA
RPS24-16,RPS24,CCACGGATGGCTCGGATACG
RPS24-17,RPS24,TAGCTCAAGTACTGGGACCC
RPS24-18,RPS24,TCCGAGCCATCCGTGGTCCC
RPS24-19,RPS24,TATGATTGGCCGGCGAATCG
RPS24-20,RPS24,TCCGTGCGCGTTGATATGAT
RPS24-21,RPS24,ACAACCATCCTCTGACAGAAA
RPS24-22,RPS24,ACCACGGATGGCTCGGATACG
RPS24-23,RPS24,ACCCAGGGACCACGGATGGCT
RPS24-24,RPS24,AGCTATAGGCACGCGAAGCC
RPS24-25,RPS24,ATGGTTGTCGAGGGGCTCG
RPS24-26,RPS24,CGTGCCTATAGCTCAAGTAC
RPS24-27,RPS24,CTATAGGCACGCGAAGCC
RPS24-28,RPS24,GATGGTTGTCGAGGGGCT
RPS24-29,RPS24,GTCCCAGTACTTGAGCTAT
RPS24-30,RPS24,TCAGAGGATGGTTGTCGAG
RPS24-31,RPS24,TCCCAGTACTTGAGCTAT
RPS24-32,RPS24,TCTGAAGATAGATCGCCATCA
RPS27-1,RPS27,GAACATGCCTGTGAGTGCTT
RPS27-2,RPS27,GCGAGATCTCCGCCGAAACC
RPS27-3,RPS27,ATCAGCGTGAGGGGAGAGTT
RPS27-4,RPS27,ACGATCCGAAATCAGCGTGA
RPS27-5,RPS27,CGATCCGAAATCAGCGTGAG
RPS27-6,RPS27,ACCTGGACCAAAGCACTCAC
RPS27-7,RPS27,GCCTGTGAGTGCTTTGGTCC
RPS27-8,RPS27,GAGTGCTTTGGTCCAGGTTT
RPS27-9,RPS27,TGCTTTGGTCCAGGTTTCGG
RPS27-10,RPS27,TACGATCCGAAATCAGCGTG
RPS27-11,RPS27,CCACCCGCATAGACGGGAG
RPS27-12,RPS27,CCCCCACTGTCACACACCG
RPS27-13,RPS27,CCCCTGGTGTCTGCGCAGC
RPS27-14,RPS27,CCTGTGAGTGCTTTGGTCC
RPS27-15,RPS27,CGAGATCTCCGCCGAAACC
RPS27-16,RPS27,CGCAGACACCAGGGGCGGCG
RPS27-17,RPS27,CTGATTTCGGATCGTAGA
RPS27-18,RPS27,TCTATGCGGGTGGCCCGT
RPS27-19,RPS27,TGTGCTCTATATAAGGGGC
RPS3A-1,RPS3A,GAACTTAGGCGTACGGGGGC
RPS3A-2,RPS3A,TGGGAGTCGCGCGAGAACTT
RPS3A-3,RPS3A,CGGATTGTGCGGGCCGTGGC
RPS3A-4,RPS3A,AGAGCCAAAAGGGCGGAAGT
RPS3A-5,RPS3A,GAGAGCCAAAAGGGCGGAAG
RPS3A-6,RPS3A,GACTCCCACTTCCGCCCTTT
RPS3A-7,RPS3A,CTGGTCCTAGATCGCGGCGT
RPS3A-8,RPS3A,CAGGGCAAAGGTCACGTAGA
RPS3A-9,RPS3A,CCTTTGCCCTGTTATTCTTC
RPS3A-10,RPS3A,AGGAACGCGGCCTGGAGGGT
RPS3A-11,RPS3A,AGGATTCCAGTCGGATTGTG
RPS3A-12,RPS3A,CCGGAAGAATAACAGGGCAA
RPS3A-13,RPS3A,CGAGAACTTAGGCGTACGG
RPS3A-14,RPS3A,CGCGAGAACTTAGGCGTACG
RPS3A-15,RPS3A,CGGCGTAGGCCGGATGGCG
RPS3A-16,RPS3A,GATTGTGCGGGCCGTGGC
RPS3A-17,RPS3A,GCGGGCTGGTCCTAGATCG
RPS3A-18,RPS3A,GGAGTCGCGCGAGAACTT
RPS3A-19,RPS3A,GGTTGGTGCACCCAGGAACG
RPS3A-20,RPS3A,GTCTGCTGGAATCGGCGGGC
RPS3A-21,RPS3A,GTGCACCCAGGAACGCGGCC
RPS3A-22,RPS3A,TCCTAGATCGCGGCGTAGGC
RPS3A-23,RPS3A,TCGGATTGTGCGGGCCGTGG
RPS3A-24,RPS3A,TCGTGGCGTCTTGCTTTTT
RPS3A-25,RPS3A,TCGTGGCGTCTTGCTTTTTG
RPS3A-26,RPS3A,TGTAAGTCGCGACTGTCG
RPS7-1,RPS7,CGGCGCTCGGCAAGGTAGGT
RPS7-2,RPS7,GAAAAGTTCTGTCGGAGAGC
RPS7-3,RPS7,CGTCAAAATCCGGCGTCCGA
RPS7-4,RPS7,GAGGCGGAAACAGCGCGAGG
RPS7-5,RPS7,CGCGAGAGCACGTCAAAATC
RPS7-6,RPS7,GCGGAAACAGCGCGAGGAGG
RPS7-7,RPS7,TTTGGAGTCAGGCCCTGGAG
RPS7-8,RPS7,GGGTTGAGGAAAACGCCTTT
RPS7-9,RPS7,GCGAGGAGGAGGGCGGAAAC
RPS7-10,RPS7,GGCGAGCCTTGCTCACAGGG
RPS7-11,RPS7,CGCTCGGCAAGGTAGGTTGG
RPS7-12,RPS7,GAGCAAGGCTCGCCCCTCCA
RPS7-13,RPS7,AAACAGCGCGAGGAGGAGGG
RPS7-14,RPS7,AAGCCGGCGCTCGGCAAGGT
RPS7-15,RPS7,ATCCGGCGTCCGAAGGCAAG
RPS7-16,RPS7,GAGGGGCGAGCCTTGCTCAC
RPS7-17,RPS7,CTGTTTCCGCCTCTTGCCTT
RPS7-18,RPS7,CAAGAGGCGGAAACAGCGCG
RPS7-19,RPS7,CCCAAGAAGAAAAGTTCTGT
RPS7-20,RPS7,TCCTAAGCCGGCGCTCGGCA
RPS7-21,RPS7,GCGAGCCTTGCTCACAGGGT
RPS7-22,RPS7,TGAGCAAGGCTCGCCCCTCC
RPS7-23,RPS7,CGCCTCTTGCCTTCGGACGC
RPS7-24,RPS7,AGGGGCGAGCCTTGCTCACA
RPS7-25,RPS7,CGAGCCTTGCTCACAGGGTG
RPS7-26,RPS7,GTATCCCCACCCTGTGAGCA
RPS7-27,RPS7,AAAAGTTCTGTCGGAGAGC
RPS7-28,RPS7,AACTTTTCTTCTTGGGTTG
RPS7-29,RPS7,CCTTTTGGAGTCAGGCCCTGG
RPS7-30,RPS7,CTCGCCCCGCAGAAGCCAT
RPS7-31,RPS7,CTGTATCCCCACCCTGTGAGCA
RPS7-32,RPS7,GAAAGCACAGGGCGGGTAAT
RPS7-33,RPS7,GGGCGAGCCTTGCTCACAGGG
RPS7-34,RPS7,TGCTTTCCGATGGCTTCTGC
RPS8-1,RPS8,CAACGTAAAGTAAAGGGGCG
RPS8-2,RPS8,CAGAAACAACGTAAAGTAAA
RPS8-3,RPS8,CTCGTCGCCCGACGTTGTTT
RPS8-4,RPS8,AACAACGTAAAGTAAAGGGG
RPS8-5,RPS8,CTGAGCGCCGAAACAACGTC
RPS8-6,RPS8,TCAGAAACAACGTAAAGTAA
RPS8-7,RPS8,TCTGAGCGCCGAAACAACGT
RPS8-8,RPS8,AGAAACAACGTAAAGTAAAG
RPS8-9,RPS8,ACAACGTAAAGTAAAGGGGC
RPS8-10,RPS8,TAGGCTCGTGGCCCTAGGCG
RPS8-11,RPS8,AGCGACACTCACCCATCGCT
RPS8-12,RPS8,AGTCCAGACGCCCCGACCCC
RPS8-13,RPS8,AGTGTCGCTCTGCATTGAGG
RPS8-14,RPS8,CCAGGGACAGCCACGAGGAG
RPS8-15,RPS8,CCTAGGGCCACGAGCCTAGG
RPS8-16,RPS8,CGAGACCCTCCTAGGCTCG
RPS8-17,RPS8,CGAGTCGCCGGGGGTCGGCAG
RPS8-18,RPS8,CTCTGCATTGAGGCGGGTGA
RPS8-19,RPS8,CTGCTGACCTCTGCCGACCCC
RPS8-20,RPS8,GTGAGTGTCGCTCTGCATTG
RPS8-21,RPS8,TCGGAGGCGAGTCGCCG
RPS8-22,RPS8,TCGGAGGCGAGTCGCCGG
RPS8-23,RPS8,TCTCGTCGCCCGACGTTGTTT
RPS9-1,RPS9,AAAGAGGCGCGCAAGCGCCA
RPS9-2,RPS9,GGAGAGAAGTGTGAGCGTAA
RPS9-3,RPS9,CAGCCAACGCCTCTTCTGAT
RPS9-4,RPS9,GATCGGATCTGGGCTCCGCG
RPS9-5,RPS9,GTGAGCGTAAGGGCTCCAAA
RPS9-6,RPS9,CATGGAAACTCGGAAGGCCC
RPS9-7,RPS9,GGGAGAGAAGTGTGAGCGTA
RPS9-8,RPS9,GCGTAGTTGTGGGACTGCGC
RPS9-9,RPS9,CTCTCCCGCGCAGGCGCAGA
RPS9-10,RPS9,CTCACACTTCTCTCCCGCGC
RPS9-11,RPS9,TTAGCTTACTCATGGAAACT
RPS9-12,RPS9,TCTCTAGGGTTTGGGTTGGA
RPS9-13,RPS9,CTGCGCTCTTATAGTAACGC
RPS9-14,RPS9,GTGAAAACGTCACGAGACGC
RPS9-15,RPS9,CTTCCCCGTCTGCGCCTGCG
RPS9-16,RPS9,TTTGGGTTGGATGGTGGCCC
RPS9-17,RPS9,TGGTTTGCTTAGGTGAGGTG
RPS9-18,RPS9,CTTACTCATGGAAACTCGGA
RPS9-19,RPS9,TTTGCTTAGGTGAGGTGCGG
RPS9-20,RPS9,TCTCCCGCGCAGGCGCAGAC
RPS9-21,RPS9,GTTTGGGTTGGATGGTGGCC
RPS9-22,RPS9,TCATGGAAACTCGGAAGGCC
RPS9-23,RPS9,ACGTCAGAGCCAATCAGAAG
RPS9-24,RPS9,CTGATTGGCTCTGACGTGCG
RPS9-25,RPS9,CTAGGGTTTGGGTTGGATGG
RPS9-26,RPS9,ATCTGGGCTCCGCGAGGTTT
RPS9-27,RPS9,AAACAGAGCAGGGTGGTTGAA
RPS9-28,RPS9,AACGGGAGTGCAGCACGGTTG
RPS9-29,RPS9,ACGTTAGGAAACAGAGCAGGG
RPS9-30,RPS9,AGCTGAAGCTGATCGGTGAG
RPS9-31,RPS9,CGCCTCTTTCTCAGTGACC
RPS9-32,RPS9,CGGCGGTGTGCTTTTTCTCT
RPS9-33,RPS9,GACGGACTAGATAGAGTACA
RPS9-34,RPS9,GCGGTTAGCACGTGGATGA
RPS9-35,RPS9,GGACTGCGCAGGCGCCGTT
RPS9-36,RPS9,GTACTATTCGTGGTTTAGGA
RPS9-37,RPS9,TGAGCGTAAGGGCTCCAAA
RPS9-38,RPS9,TGGCCAAGGCTTCCGGGAAG
RPS9-39,RPS9,TTACTATAAGAGCGCAGCCG
RPTN-1,RPTN,CCCCAGCCTGGTGCATTATA
RPTN-2,RPTN,AGCAGGTAAGACATGCATAG
RPTN-3,RPTN,CATGTCTTACCTGCTTGAGG
RPTN-4,RPTN,AAGCAGGTAAGACATGCATA
RPTN-5,RPTN,AGACATGCATAGGGGAGCAT
RPTN-6,RPTN,CCTAGGACACATTGAAGTGA
RPTN-7,RPTN,TCTTACCTGCTTGAGGAGGA
RPTN-8,RPTN,GAGCATTGGTAGTATCTACA
RPTN-9,RPTN,TCCCCAGCCTGGTGCATTAT
RPTN-10,RPTN,ATGCATGTCTTACCTGCTTG
RXFP2-1,RXFP2,AGAACATTGTAATCAATCTG
RXFP2-2,RXFP2,AACTCCTGCTGAGGTATAAG
RXFP2-3,RXFP2,CTGTGAGCATGCTCAGAACA
RXFP2-4,RXFP2,CATCTCCCTTCATGCCAGTG
RXFP2-5,RXFP2,GAAAGATAATGACAAATACC
RXFP2-6,RXFP2,TGTGAGCATGCTCAGAACAT
RXFP2-7,RXFP2,GCTCACAGCTAGAACCTCAC
RXFP2-8,RXFP2,GTATCCTCTTATACCTCAGC
RXFP2-9,RXFP2,TACATTTCTATGTAGTTCTA
RXFP2-10,RXFP2,GAGCATGCTCAGAACATGGG
RXFP2-11,RXFP2,CTACATCAGAACTCCTGCTG
SAGE1-1,SAGE1,GTCTGGGATGGAGAGTGCAC
SAGE1-2,SAGE1,GCAGCAGCATGAAGTTCTTC
SAGE1-3,SAGE1,TACTGAAGGTCGCCTGCAGA
SAGE1-4,SAGE1,GCCTATGTGTTTACAAATGA
SAGE1-5,SAGE1,TAGTACAACCAATCCACTCT
SAGE1-6,SAGE1,ACTCTGGTGCTCTCTACAGG
SAGE1-7,SAGE1,TTGACTCTGGCGCCCTCTGC
SAGE1-8,SAGE1,CCTATGTGTTTACAAATGAT
SAGE1-9,SAGE1,AAGAGTGGATTGGTTGTACT
SAGE1-10,SAGE1,CCCATCATTTGTAAACACAT
SAGE1-11,SAGE1,GCCCTCCCCTTCGTTGACTC
SAGE1-12,SAGE1,CTGTGTGGGGCGCCAGAGTC
SAGE1-13,SAGE1,GCTCTCCCCTTAGCTGACTC
SAGE1-14,SAGE1,CTGGCGCCAGCGGGAGAACC
SAGE1-15,SAGE1,ATGGAGTCTTCTGTATGGTC
SAGE1-16,SAGE1,AGAGCACCAGAGTCAGCTAA
SAGE1-17,SAGE1,TTACTGAAGGTCGCCTGCAG
SAGE1-18,SAGE1,TACGAAGAATGTCACAATTA
SAGE1-19,SAGE1,ATACGAAGAATGTCACAATT
SAGE1-20,SAGE1,TGTGTTTACAAATGATGGGC
SAGE1-21,SAGE1,CGCTGTGCAGTTGATAGTGA
SAGE1-22,SAGE1,TGGAGTCTTCTGTATGGTCT
SAGE1-23,SAGE1,GCAGCATGAAGTTCTTCAGG
SAGE1-24,SAGE1,GAGCACCAGAGTCAGCTAAG
SAGE1-25,SAGE1,CTTCACTATCAACTGCACAG
SAGE1-26,SAGE1,ATCAACTGCACAGCGGGCAG
SAGE1-27,SAGE1,GTCTTCTGTATGGTCTGGGA
SAGE1-28,SAGE1,GAGAGCACCAGAGTCAGCTA
SAGE1-29,SAGE1,aacctgtgtggggcgccagagtc
SAGE1-30,SAGE1,AACTTTTTGATCCAAGAGTGGAT
SAGE1-31,SAGE1,ACTCTGGCGCCCTCTGC
SAGE1-32,SAGE1,agcaccagagtcagctaag
SAGE1-33,SAGE1,AGGACTATCTGCAGATGC
SAGE1-34,SAGE1,agtcttctgtatggtctggga
SAGE1-35,SAGE1,atggagagtgcactggcacgatct
SAGE1-36,SAGE1,ATTTAAAAGATAAAATATGACAC
SAGE1-37,SAGE1,caaaacttctcttccggactc
SAGE1-38,SAGE1,caatgtcttccaaaaaataacgg
SAGE1-39,SAGE1,caggaccgctggcgccag
SAGE1-40,SAGE1,ccttcactatcaactgcacag
SAGE1-41,SAGE1,ctaatttttgtGTGTGTTTTTT
SAGE1-42,SAGE1,CTGCCTATGTGTTTACAAATGA
SAGE1-43,SAGE1,ctgcgcttcctggttctcccgc
SAGE1-44,SAGE1,gaggaacactacttcattctatg
SAGE1-45,SAGE1,tagtgttcctccgttattttt
SAGE1-46,SAGE1,TATAATTATTTTCTCAT
SAGE1-47,SAGE1,TTCCTAGTACAACCAATCCACTCT
SPATA16-1,SPATA16,TCCCACTGCGAGGCCTGATC
SPATA16-2,SPATA16,GGACGTTGGGAAGCCGGTGT
SPATA16-3,SPATA16,GATCAGGCTGCTTGCTCGCG
SPATA16-4,SPATA16,CAGGCCTCGCAGTGGGACGT
SPATA16-5,SPATA16,TGCTTGCTCGCGGGGACGCC
SPATA16-6,SPATA16,CGCGAGCAAGCAGCCTGATC
SPATA16-7,SPATA16,GCACGGGACGTTTCAAGTCC
SPATA16-8,SPATA16,TGATCAGGCTGCTTGCTCGC
SPATA16-9,SPATA16,AGCCTGATCAGGCCTCGCAG
SPATA16-10,SPATA16,GCAGTGGGACGTTGGGAAGC
TAAR1-1,TAAR1,GAGCACCATTAAACTGTACA
TAAR1-2,TAAR1,ATGAATGAGCCAATTTGTTG
TAAR1-3,TAAR1,AAGAAAGTCCACAGTGGCCA
TAAR1-4,TAAR1,GCTGAGCACTGTTGGTATTT
TAAR1-5,TAAR1,GGACTTTCTTCTGGGGTGTC
TAAR1-6,TAAR1,TTTCCTGTGTGAAAAACAAC
TAAR1-7,TAAR1,TGAGCACCATTAAACTGTAC
TAAR1-8,TAAR1,TTAAACTGTACAGGGAAGCA
TAAR1-9,TAAR1,TGCTTCCCTGTACAGTTTAA
TAAR1-10,TAAR1,AACTTCATACCCCAACAAAT
TAAR1-11,TAAR1,AAATATTAATTATATTGTGGCAAA
TAAR1-12,TAAR1,ACACCCCAGAAGAAAGTCCACAG
TAAR1-13,TAAR1,CAAAAGGGCATCATTCCTG
TAAR1-14,TAAR1,CAGATCTCACCATACTGTA
TAAR1-15,TAAR1,CTCATAATTCTGACCACACTCGT
TAAR1-16,TAAR1,CTCATTCATTCCATGGCCACTG
TAAR1-17,TAAR1,TAAACTGATTGACAGCCCTC
TAAR1-18,TAAR1,TCTGGTCATGCCTTACAGTA
TAAR8-1,TAAR8,ACCCGGGACCCAGGAGAATA
TAAR8-2,TAAR8,ACGCCGTGTACAGAATTACC
TAAR8-3,TAAR8,TACAGAATTACCCGGGACCC
TAAR8-4,TAAR8,ATTGAAACTCCCTATTCTCC
TAAR8-5,TAAR8,TTGAAACTCCCTATTCTCCT
TAAR8-6,TAAR8,CGCCGTGTACAGAATTACCC
TAAR8-7,TAAR8,TACCCGGGACCCAGGAGAAT
TAAR8-8,TAAR8,TGTTGTGCAGCTTTGCTATG
TAAR8-9,TAAR8,TCCCTATTCTCCTGGGTCCC
TAAR8-10,TAAR8,CTTTGCTATGAGGATGTGAA
TAS2R13-1,TAS2R13,AGACATAAATATCTTAGCTA
TAS2R13-2,TAS2R13,GAACTTTCTCTGTTCTGACA
TAS2R13-3,TAS2R13,AAGACATAAATATCTTAGCT
TAS2R13-4,TAS2R13,ATGAAAGAAGGAGCAGAAAA
TAS2R13-5,TAS2R13,AAGAGTGAAGATACTCGGCA
TAS2R13-6,TAS2R13,AGAAGGAAGAAGAACTCCAC
TAS2R13-7,TAS2R13,CGATCTTCACATAACTGTTC
TAS2R13-8,TAS2R13,TCAATGTCTAATGTCACTGC
TAS2R13-9,TAS2R13,TCACATCCTTGAGTGTCCAG
TAS2R13-10,TAS2R13,AGAACTCCACTGGACACTCA
TAS2R13-11,TAS2R13,AAAGAAGGAGCAGAAAAAGGAGA
TAS2R13-12,TAS2R13,AACTTTCTCTGTTCTGACA
TAS2R13-13,TAS2R13,AAGAACTCCACTGGACACTCA
TAS2R13-14,TAS2R13,AAGACATAAATATCTTAGCTA
TAS2R13-15,TAS2R13,ACGTTGAGCCAACAATGAAAGA
TAS2R13-16,TAS2R13,ATATTTATGTCTTCACCA
TAS2R13-17,TAS2R13,ATCGATCTTCACATAACTGTTC
TAS2R13-18,TAS2R13,CTATTCACATCCTTGAGTGTCCAG
TAS2R13-19,TAS2R13,GAGAAGGAAGAAGAACTCCAC
TAS2R13-20,TAS2R13,TTCAATGTCTAATGTCACTGC
TAS2R9-1,TAS2R9,TACACACAGCAGACAGATTC
TAS2R9-2,TAS2R9,TGGCATGCCAAGTGCAATAG
TAS2R9-3,TAS2R9,ACAGATACATTGTTCTTCAC
TAS2R9-4,TAS2R9,TTGCTGGTGAATTGACCATA
TAS2R9-5,TAS2R9,CAAAAATCACAAGTCTTTGC
TAS2R9-6,TAS2R9,TGACATCATCCTGATCAGCT
TAS2R9-7,TAS2R9,TCCATTTCCCCAAATCCCTA
TAS2R9-8,TAS2R9,ATTGCTGGTGAATTGACCAT
TAS2R9-9,TAS2R9,TATATTGCCTCTATTGCACT
TAS2R9-10,TAS2R9,CAACTATATCATGGTCTAAG
TGM6-1,TGM6,ACTGCTGTGTGGAGGAACAG
TGM6-2,TGM6,CCTTCACATGGCAGGTAAGT
TGM6-3,TGM6,CCCTGGTGTCCCAAGGCCCC
TGM6-4,TGM6,ACGGTGCACACACTGCTGTG
TGM6-5,TGM6,CCTGCCATGTGAAGGCCAGC
TGM6-6,TGM6,CAGGTAAGTGGGCAGAGCCT
TGM6-7,TGM6,GTGGGCAGAGCCTGGGGCCT
TGM6-8,TGM6,CCAGCTGGCCTTCACATGGC
TGM6-9,TGM6,CCCACTTACCTGCCATGTGA
TGM6-10,TGM6,GAGGAACAGAGGAGTCCAGC
TPH2-1,TPH2,GTGCGATCAGCTGCCTGCTT
TPH2-2,TPH2,TTCTGGACAGCGCCCCAAGC
TPH2-3,TPH2,GCTGGCGGAGATTGAGAGGA
TPH2-4,TPH2,TGCGATCAGCTGCCTGCTTG
TPH2-5,TPH2,CGTGCGATCAGCTGCCTGCT
TPH2-6,TPH2,AGGGGCAGTAGCAGCGCTGG
TPH2-7,TPH2,TGCAGCAGGGGGTACTAGAG
TPH2-8,TPH2,GCTCTTCAGCACCAGGGTTC
TPH2-9,TPH2,TAGAGGGGCAGTAGCAGCGC
TPH2-10,TPH2,CTGCAGCAGGGGGTACTAGA
TPH2-11,TPH2,AGTACTACGTACCTGGCACTA
TPH2-12,TPH2,ATGATGTTTTCCAGTAAATAC
TPH2-13,TPH2,CAGAGAAAGAATATTACACC
TPH2-14,TPH2,CCCGAAGAGCATCAGCTACT
TPH2-15,TPH2,CGCTGGCGGAGATTGAGAGGA
TPH2-16,TPH2,GGCACGGAGAGGGTTTTCCC
TPH2-17,TPH2,GGCTCCTTTATATGAATGAC
TPH2-18,TPH2,TAAATACTGGGCACGGAGA
TRIM42-1,TRIM42,GCTTGAAAGTTGCAAGAAGT
TRIM42-2,TRIM42,AGCCTATGAGCTTCCTGGTA
TRIM42-3,TRIM42,GCAAGAAGTTGGCTGTTATG
TRIM42-4,TRIM42,TGTTATGAGGACTTCACAGC
TRIM42-5,TRIM42,AGTCCTTCCTCCCATTCCTG
TRIM42-6,TRIM42,CTGACGGCCTCAGGAATGGG
TRIM42-7,TRIM42,ACTTTCAAGCTGACGGCCTC
TRIM42-8,TRIM42,AAGCTGACGGCCTCAGGAAT
TRIM42-9,TRIM42,CAAGCTGACGGCCTCAGGAA
TRIM42-10,TRIM42,TCTTGCAACTTTCAAGCTGA
TRIM42-11,TRIM42,AGGCCGGTGGTAATCATGT
TRIM42-12,TRIM42,CAAGAAGTTGGCTGTTATG
TRIM42-13,TRIM42,CACAGACAGGAGCATAACTG
TRIM42-14,TRIM42,CATCAAGAGTCCTGGGAGGC
TRIM42-15,TRIM42,CATTTACATATATCAGTCTGA
TRIM42-16,TRIM42,CCAGCCTATGAGCTTCCTGGT
TRIM42-17,TRIM42,GAGTCCTTCCTCCCATTCCTG
TRIM42-18,TRIM42,TGCCTACATGATTACCAC
TRIM42-19,TRIM42,TTTGCTGTCCATGTTGTACA
VN1R2-1,VN1R2,ACAAAGCAGGAGACTGGTAG
VN1R2-2,VN1R2,GAAAAGACAGCTGTGTCTGG
VN1R2-3,VN1R2,AAAGAAAAGACAGCTGTGTC
VN1R2-4,VN1R2,TTGGATACAAAGCAGGAGAC
VN1R2-5,VN1R2,GGATACAAAGCAAAAGGGGT
VN1R2-6,VN1R2,ATATTTATTGGATACAAAGC
VN1R2-7,VN1R2,AGAAAAGACAGCTGTGTCTG
VN1R2-8,VN1R2,AAGAAAAGACAGCTGTGTCT
VN1R2-9,VN1R2,GATACAAAGCAAAAGGGGTA
VN1R2-10,VN1R2,CCAAGGCAGAGAGAGAGAGA
